CustomerID,TotalItemsPurchased,DistinctItemsPurchased,MaxItemsSingleSession,AvgItemsPerSession,ProductEntropy,SessionEntropy,TotalAmountSpent,MaxAmountSingleSession,AvgAmountPerSession,TotalShoppingSessions
17809.0,313,28,204,62.6,4.807354922057602,1.7420625893494752,741.05,560.4,148.20999999999998,28
16098.0,435,24,112,62.142857142857146,4.30524537369136,2.728076663979239,1107.51,293.14,158.21571428571428,54
18074.0,52,8,52,52.0,3.0,0.0,185.3,185.3,185.3,8
17420.0,256,23,112,85.33333333333333,4.4838561897747224,1.4986885704510973,485.08,215.76,161.69333333333336,25
16250.0,206,21,106,103.0,4.349648912578752,0.9876925088958034,373.54,210.24,186.77,23
12431.0,1719,141,268,122.78571428571429,6.981886388444885,3.5683979182782086,3806.05,506.4,271.8607142857143,191
13705.0,330,24,134,110.0,4.5465935642949376,1.5430224942057837,492.78000000000003,204.54,164.26,26
17924.0,213,13,156,53.25,3.7004397181410926,1.4885252948977485,662.4300000000001,500.28000000000003,165.60750000000002,13
13448.0,1451,121,452,241.83333333333334,6.777215818852945,2.04681521123577,2953.8,900.48,492.3,171
15862.0,382,129,117,95.5,6.985828835964023,1.7629066545151115,657.29,280.88,164.3225,134
16218.0,808,49,402,161.6,5.563177895342839,1.9630394323636784,1164.72,440.7,232.94400000000002,55
14307.0,1804,136,452,300.6666666666667,6.9833553951502,2.3680153692585284,2682.61,691.01,447.1016666666667,166
17908.0,140,49,140,140.0,5.570538035407182,0.0,218.2,218.2,218.2,52
12838.0,345,109,222,172.5,6.738548895724723,1.0,575.3000000000001,339.79,287.65000000000003,114
13255.0,91,8,61,45.5,3.0,0.9544340029249649,189.61,133.51000000000002,94.805,8
16583.0,111,14,111,111.0,3.8073549220576055,0.0,233.45,233.45,233.45,14
18085.0,265,25,187,132.5,4.582118926162054,0.8935711016541907,689.95,386.05,344.975,29
13758.0,878,83,278,125.42857142857143,6.331970464374525,2.487377618042429,1955.39,538.51,279.34142857142854,91
15983.0,662,78,241,165.5,6.171747614477853,1.9865935215372943,1119.91,337.65,279.9775,103
17968.0,150,73,150,150.0,6.146928094887358,0.0,257.15,257.15,257.15,80
16210.0,772,52,164,55.142857142857146,5.581954882778696,3.5001560030802024,1664.8,229.86,118.91428571428571,64
17897.0,205,91,75,68.33333333333333,6.460115332178977,1.5831950326665196,355.06,141.93,118.35333333333334,99
16552.0,105,11,68,52.5,3.459431618637298,0.9456603046006402,189.19000000000003,119.4,94.595,11
17951.0,156,10,132,52.0,3.321928094887362,1.1567796494470395,190.68,130.08,63.56,10
14729.0,195,67,195,195.0,6.05055344228541,0.0,290.79,290.79,290.79,69
15012.0,219,106,138,109.5,6.679059551143389,0.9825606664869174,343.19,185.83,171.59500000000003,116
12868.0,921,68,274,153.5,5.890004410510336,2.5093358078194927,1534.71,412.02000000000004,255.785,103
17572.0,93,6,30,23.25,2.481714572986073,1.9362600275315274,206.85000000000002,70.80000000000001,51.712500000000006,11
14078.0,297,44,73,49.5,5.246546262307403,2.5513686497893993,936.7199999999999,243.92999999999998,156.12,62
12662.0,1936,120,284,176.0,6.633475605392302,3.357707355327376,3256.73,425.88,296.06636363636363,206
15525.0,370,122,158,123.33333333333333,6.86088610949054,1.5371542762505523,562.52,193.76,187.50666666666666,143
14237.0,31,5,31,31.0,2.321928094887362,0.0,77.45,77.45,77.45,5
17905.0,177,26,70,59.0,4.700439718141092,1.198183947911799,338.59000000000003,149.35,112.86333333333333,26
15485.0,908,46,489,302.6666666666667,5.401650359904833,1.4730263544898303,1388.46,764.33,462.82,63
16955.0,189,11,94,47.25,3.3921472236645345,1.5032583347756456,348.87,165.88,87.2175,18
15350.0,51,5,51,51.0,2.321928094887362,0.0,115.65,115.65,115.65,5
15605.0,413,49,121,82.6,5.562733897918602,2.2004615143724444,944.5300000000001,270.45,188.906,53
18144.0,271,15,60,24.636363636363637,3.673269689515108,3.333660689688186,912.1500000000001,176.20000000000002,82.92272727272729,25
15922.0,60,7,60,60.0,2.8073549220576046,0.0,202.20000000000002,202.20000000000002,202.20000000000002,7
14594.0,172,40,141,86.0,5.26917434767504,0.9522656254366642,273.28,214.15,136.64000000000001,43
15165.0,147,20,147,147.0,4.321928094887363,0.0,362.7,362.7,362.7,20
16456.0,800,75,216,160.0,6.069235677759421,2.0473124681243386,1407.13,395.2,281.42600000000004,96
17643.0,66,5,66,66.0,2.321928094887362,0.0,58.8,58.8,58.8,5
17873.0,614,21,158,122.8,4.288909765557392,2.31019159868833,1022.86,272.04,204.572,32
17760.0,130,22,74,65.0,4.459431618637295,0.8453509366224365,218.25,115.05,109.125,22
13468.0,1870,148,131,50.54054054054054,6.99716649446193,5.0255454127560855,3743.12,277.07,101.16540540540541,223
16928.0,1393,59,137,81.94117647058823,5.134967436750797,3.8429094015923186,1865.97,183.93,109.76294117647059,180
16048.0,144,8,132,72.0,3.0,0.5435644431995964,256.44,251.40000000000003,128.22000000000003,8
16274.0,141,53,141,141.0,5.727920454563195,0.0,195.45,195.45,195.45,53
14496.0,112,11,64,56.0,3.418295834054489,0.8112781244591328,291.92,152.4,145.96,12
14696.0,1225,101,239,175.0,6.601109161511102,2.786070046707561,1745.24,280.1,249.32,113
16539.0,475,35,301,118.75,4.987729629951763,1.8255645656200883,1372.91,442.34999999999997,343.22749999999996,44
17025.0,127,7,96,42.333333333333336,2.8073549220576046,1.3787834934861756,236.45,196.8,78.81666666666668,7
17690.0,1545,148,289,103.0,7.052064890161426,3.517427277162245,3268.52,509.5,217.90133333333333,198
12947.0,970,72,391,194.0,6.0857465243220945,2.21143913016645,1264.64,373.24,252.92799999999997,85
18229.0,1374,47,124,68.7,5.188755923046491,4.135420364919252,3664.7,314.4,183.23499999999999,106
14142.0,245,19,245,245.0,4.247927513443588,0.0,280.95,280.95,280.95,19
17069.0,1457,100,361,161.88888888888889,6.5222174283465035,2.8379824006142016,2368.4700000000003,501.56,263.1633333333333,130
13065.0,67,9,67,67.0,3.169925001442312,0.0,138.41,138.41,138.41,9
16835.0,55,7,40,27.5,2.8073549220576046,0.9852281360342516,133.15,83.2,66.575,7
15235.0,1298,120,331,108.16666666666667,6.862714832242583,3.2733250630614528,2015.51,513.69,167.95916666666668,130
13576.0,924,64,187,54.35294117647059,5.758739042569065,3.646288356277728,1787.01,349.51,105.11823529411765,87
18011.0,70,27,70,70.0,4.754887502163471,0.0,92.84,92.84,92.84,27
15694.0,632,36,114,57.45454545454545,4.944593665917308,3.176342499890166,2380.96,498.84,216.4509090909091,51
14741.0,693,32,166,115.5,4.74986776225629,2.5698999044952986,1270.34,283.53000000000003,211.72333333333336,56
13715.0,516,84,229,103.2,6.328995558400932,1.7706791708339822,990.85,392.52,198.17000000000002,98
17732.0,84,13,84,84.0,3.7004397181410926,0.0,222.52,222.52,222.52,13
12855.0,30,3,30,30.0,1.584962500721156,0.0,38.1,38.1,38.1,3
17855.0,196,16,196,196.0,4.0,0.0,199.02,199.02,199.02,16
14047.0,172,12,105,43.0,3.5032583347756456,1.612197222702993,561.6,319.35,140.4,18
13941.0,343,13,94,68.6,3.5535088547976788,2.2772925846688996,1264.93,330.74,252.98600000000002,24
14135.0,1498,76,257,99.86666666666666,6.018197114117707,3.6503160027841144,2849.29,346.35,189.95266666666666,109
13108.0,82,5,82,82.0,2.321928094887362,0.0,95.3,95.3,95.3,5
15658.0,193,25,96,48.25,4.556088322639177,1.6805735346744015,561.15,243.8,140.28750000000002,29
14388.0,1702,113,312,212.75,6.557024672661247,2.978622455994133,2790.61,429.15,348.82624999999996,166
14901.0,582,65,134,72.75,5.900115724077514,2.851278814612293,1034.01,186.32,129.25125,82
15955.0,1817,123,370,129.78571428571428,6.805833345320561,3.2641859408744023,3698.01,541.13,264.1435714285714,168
16244.0,849,85,615,424.5,6.391249800455487,0.8894663896628687,1475.05,1024.83,737.525,88
15111.0,684,59,440,228.0,5.798329341690045,1.3515351890811589,1339.68,802.2,446.56,72
16546.0,385,20,269,192.5,4.321928094887363,0.8112781244591328,564.95,367.55,282.475,20
15260.0,807,55,208,134.5,5.664596848571468,2.561105009554603,1565.27,345.14,260.87833333333333,68
14491.0,126,12,92,63.0,3.584962500721156,0.8112781244591328,220.98,141.48,110.49,12
13305.0,681,36,125,68.1,4.9520824266619945,3.060864364918707,1000.21,186.25,100.021,53
15923.0,40,17,40,40.0,4.08746284125034,0.0,78.3,78.3,78.3,17
16752.0,48,5,48,48.0,2.321928094887362,0.0,77.7,77.7,77.7,5
17287.0,484,76,119,69.14285714285714,6.088538968612082,2.587547109941304,694.46,168.62,99.20857142857143,106
15363.0,142,15,142,142.0,3.906890595608518,0.0,310.1,310.1,310.1,15
12915.0,77,11,49,38.5,3.459431618637298,0.9456603046006402,201.05,127.55000000000001,100.525,11
15738.0,1951,45,202,121.9375,5.167479554194101,3.867616501519464,3781.29,316.90000000000003,236.33062500000003,147
14180.0,463,60,44,18.52,5.604710215485371,4.367978874687512,1773.47,212.4,70.9388,101
13117.0,806,59,130,100.75,5.807728985732319,2.9428928958997016,840.7,202.12,105.0875,69
16916.0,353,121,254,176.5,6.884727441389348,0.9421631690835512,498.18,328.15,249.08999999999997,128
17964.0,235,74,139,117.5,6.118522527728212,0.9023932827949789,326.25,163.25,163.125,88
14466.0,793,31,184,113.28571428571429,4.788925676260469,2.7252908147760864,1400.65,271.65,200.09285714285716,59
17235.0,176,21,96,88.0,4.334962500721156,0.8708644692353646,357.46,192.26,178.73,24
16510.0,85,9,85,85.0,3.169925001442312,0.0,178.54999999999998,178.54999999999998,178.54999999999998,9
15107.0,71,7,48,17.75,2.75,1.75,104.10000000000001,61.2,26.025000000000002,8
17976.0,89,52,89,89.0,5.690184605506592,0.0,282.64,282.64,282.64,53
14449.0,738,199,300,184.5,7.532197241627326,1.9215488118440947,852.55,286.06,213.13750000000002,247
16781.0,101,12,101,101.0,3.584962500721156,0.0,215.15,215.15,215.15,12
13491.0,791,60,167,79.1,5.811655672100882,3.198938717354582,943.34,154.51999999999998,94.33399999999999,68
17685.0,1402,80,545,200.28571428571428,6.129279917429453,2.3136015577289957,2499.56,904.0600000000001,357.08,116
15732.0,167,12,97,83.5,3.5465935642949384,0.961236604722876,280.2,142.1,140.1,13
13138.0,471,30,123,78.5,4.6336430365009535,2.5335556699401374,946.49,198.44,157.74833333333333,62
17460.0,169,12,51,33.8,3.431623565847432,2.1492799881316267,386.98,101.28,77.396,19
17567.0,1488,99,405,186.0,6.499954741663751,2.7935389090708242,2552.52,699.4499999999999,319.065,139
16203.0,261,27,104,65.25,4.65057194545458,1.9110881420020709,589.15,214.6,147.2875,35
15574.0,240,120,150,60.0,6.83469808708088,1.080541345525018,438.65000000000003,263.84,109.6625,139
16770.0,439,111,179,87.8,6.690979768767551,1.9325385190465003,657.85,207.7,131.57,134
17838.0,924,68,302,184.8,5.973286455784833,2.0734096850844925,1582.46,476.86,316.492,82
17228.0,1346,134,261,168.25,6.908969524531817,2.833092982379349,1798.95,398.26,224.86875,201
17412.0,612,43,130,87.42857142857143,5.270660903030254,2.775195763503471,1178.74,225.9,168.39142857142858,61
14775.0,910,53,346,303.3333333333333,5.708632440797383,1.5830303714862595,879.42,359.76,293.14,55
17659.0,1185,97,281,98.75,6.439886330460918,3.103305312864665,2351.23,525.71,195.93583333333333,124
15646.0,299,28,146,99.66666666666667,4.807354922057602,1.4097590668037259,342.07000000000005,162.08,114.02333333333335,28
13402.0,475,30,289,237.5,4.831074987250574,0.9740248644357521,587.23,312.95,293.615,37
13011.0,13,3,13,13.0,1.584962500721156,0.0,50.550000000000004,50.550000000000004,50.550000000000004,3
16029.0,317,4,48,21.133333333333333,1.6225562489182659,3.875,1144.35,129.6,76.28999999999999,16
16634.0,78,7,60,39.0,2.8073549220576046,0.5916727785823275,172.5,119.4,86.25,7
18239.0,785,76,222,157.0,6.17488096436816,2.033553016238253,1457.81,446.81,291.562,84
14576.0,12,1,12,12.0,0.0,0.0,35.400000000000006,35.400000000000006,35.400000000000006,1
14865.0,60,3,48,30.0,1.584962500721156,0.9182958340544896,43.08,28.08,21.54,3
16150.0,984,83,316,196.8,6.2608471054657615,2.2803420683155844,1734.17,505.65999999999997,346.834,106
12738.0,144,8,144,144.0,3.0,0.0,110.4,110.4,110.4,8
14236.0,228,12,224,114.0,3.584962500721156,0.41381685030363374,302.64,287.64,151.32,12
17961.0,528,193,85,14.27027027027027,7.507167810188934,4.449147726595132,858.24,126.2,23.195675675675677,228
14573.0,407,105,110,45.22222222222222,6.415047223136746,2.7244712977978174,768.85,239.0,85.42777777777778,172
17135.0,478,26,138,95.6,4.59445640611102,2.1116325179226987,635.77,180.29999999999998,127.154,37
17396.0,29,2,19,14.5,1.0,1.0,108.75,71.25,54.375,2
12686.0,106,6,106,106.0,2.584962500721156,0.0,71.14,71.14,71.14,6
13370.0,276,32,276,276.0,5.0,0.0,588.2,588.2,588.2,32
16883.0,97,29,52,48.5,4.8125,0.9971803988942642,208.78,110.65,104.39,32
13520.0,947,46,287,157.83333333333334,5.377986806877677,2.3212493879886056,1565.85,473.97,260.97499999999997,72
16905.0,1039,101,410,148.42857142857142,6.476803474933223,2.4385728489279117,2036.51,890.35,290.93,162
12427.0,209,21,110,69.66666666666667,4.349648912578752,1.370862465083061,417.96999999999997,230.08,139.32333333333332,23
17967.0,70,39,70,70.0,5.271928094887364,0.0,84.42,84.42,84.42,40
16891.0,252,157,84,50.4,7.243202763077655,2.162711491723061,615.9300000000001,198.81,123.186,174
17884.0,395,97,143,98.75,6.562666667938929,1.9762665414982443,537.22,178.54,134.305,103
14083.0,566,149,310,70.75,7.174696376328043,2.084602555887851,820.1,353.32,102.5125,162
14210.0,695,55,194,115.83333333333333,5.578932261189982,2.574032714608317,1611.17,308.78000000000003,268.52833333333336,88
16477.0,1317,108,229,188.14285714285714,6.592602697066761,2.7655136969502494,2450.7200000000003,467.36,350.1028571428572,143
12779.0,1316,67,309,164.5,5.8623770691404085,2.6370712509121463,2460.62,638.51,307.5775,104
16926.0,11,4,11,11.0,2.0,0.0,33.45,33.45,33.45,4
17787.0,834,88,299,208.5,6.30073110901451,1.8850145001953922,1630.29,597.33,407.5725,121
14723.0,625,182,177,104.16666666666667,7.34687563227179,2.4511424063299625,992.34,310.67,165.39000000000001,247
17819.0,325,23,127,54.166666666666664,4.483856189774723,2.2366238110793626,676.81,233.1,112.80166666666666,25
15373.0,393,60,66,39.3,5.642244254665679,2.9864926480268625,1339.41,263.85,133.941,97
17198.0,256,74,104,85.33333333333333,6.171928094887358,1.4417720664283002,354.97,144.21,118.32333333333334,80
12793.0,252,20,188,126.0,4.297079327540665,0.863120568566631,395.48,291.68,197.74,21
14396.0,221,67,185,110.5,6.05055344228541,0.992563136012236,451.09,365.14,225.545,69
14898.0,467,77,149,77.83333333333333,6.142621451191842,1.8543080616849053,829.67,278.13,138.27833333333334,98
12725.0,162,23,162,162.0,4.523561956057013,0.0,371.8,371.8,371.8,23
16725.0,238,98,62,34.0,6.461766773518899,2.5065012202717694,573.98,146.05,81.99714285714286,128
12395.0,1186,74,169,98.83333333333333,5.980569633141265,3.488560495665195,1824.22,248.08,152.01833333333335,120
16455.0,988,69,232,141.14285714285714,5.934467857256675,2.657390653657994,1841.18,517.8,263.0257142857143,99
15545.0,155,72,84,77.5,6.162427298606055,0.9505668528932196,229.37,128.39,114.685,73
15465.0,435,22,65,24.166666666666668,4.24637013015618,3.9721800112652463,1842.79,275.05,102.37722222222222,50
13838.0,237,130,85,59.25,6.9337209404526,1.9265289729243127,510.67,191.51,127.66749999999999,150
15038.0,149,83,50,29.8,6.309277845150279,2.232375508421901,343.64,100.98,68.728,95
16168.0,674,51,88,29.304347826086957,5.477804815904367,4.272204119780151,1821.22,163.02,79.18347826086956,76
14813.0,61,23,54,30.5,4.46967048737186,0.7062740891876007,110.93,91.43,55.465,26
14810.0,1011,102,188,91.9090909090909,6.356762089557065,3.4176967085787164,2035.53,352.23,185.0481818181818,250
13506.0,232,21,145,116.0,4.39231742277876,0.9587118829771318,373.75,237.95,186.875,21
17796.0,164,58,67,41.0,5.719390358784489,1.7297085175189666,578.05,240.35,144.5125,74
15716.0,447,95,140,111.75,6.492526001446271,1.9700131344165301,824.64,269.93,206.16000000000003,111
18156.0,280,98,212,140.0,6.5276424705724745,0.9798687566511527,639.19,452.31,319.595,120
16983.0,938,100,196,134.0,6.495541454621835,2.6069230981340192,1518.82,292.78999999999996,216.9742857142857,127
16327.0,2071,137,465,345.1666666666667,6.863309073665991,2.5321541749816974,3170.06,622.62,528.3433333333334,297
17211.0,1104,129,307,138.0,6.86551499924537,2.8898910103272075,1781.38,406.58,222.6725,176
17026.0,24,2,24,24.0,1.0,0.0,20.4,20.4,20.4,2
15570.0,1761,188,550,146.75,7.395359608176791,3.2985325659807287,3186.53,793.74,265.5441666666667,258
15880.0,175,92,175,175.0,6.517653434763951,0.0,262.18,262.18,262.18,93
16718.0,301,37,301,301.0,5.182838116298145,0.0,482.93,482.93,482.93,39
15808.0,1139,123,339,284.75,6.783661817352372,1.9822251838838811,2906.52,975.85,726.63,165
17858.0,601,69,109,66.77777777777777,5.728964727708278,3.0127651502618584,2056.11,398.87,228.45666666666668,131
14161.0,427,77,166,142.33333333333334,6.176825287801807,1.4998367130024457,878.02,403.58,292.67333333333335,94
17863.0,2362,105,639,393.6666666666667,6.529528920782469,2.532770709982983,2891.44,857.74,481.9066666666667,143
16411.0,130,40,69,65.0,5.286729870981167,0.996485989886783,203.75,128.55,101.875,43
16402.0,107,52,99,53.5,5.690184605506591,0.2318130500245902,208.6,173.0,104.3,53
12647.0,869,65,189,72.41666666666667,5.870748039460037,3.0797718998808232,1805.92,278.76,150.49333333333334,86
15894.0,163,34,110,81.5,5.058813890331199,0.41381685030363374,250.3,143.49,125.15,36
14506.0,584,170,207,116.8,7.243041439664537,1.8748515211635806,1206.85,390.02,241.36999999999998,242
13034.0,368,36,252,184.0,5.1699250014423095,0.8879763195151351,627.82,461.96,313.90999999999997,36
17402.0,248,21,50,27.555555555555557,4.054229296672174,2.4139097655573916,619.91,115.2,68.8788888888889,32
15889.0,198,74,138,99.0,6.177198469696092,0.8701883352082784,333.67,229.42000000000002,166.835,79
15953.0,617,54,150,77.125,5.515850175244253,2.7456727698316166,952.53,221.09,119.06625,82
16143.0,864,70,204,144.0,5.912665389044463,2.5199816194295863,1943.0900000000001,475.58000000000004,323.84833333333336,111
12747.0,967,32,140,87.9090909090909,4.591107630164543,3.3994717225415756,2640.41,333.7,240.03727272727272,78
12763.0,196,16,196,196.0,4.0,0.0,320.08,320.08,320.08,16
14081.0,532,112,328,266.0,6.720296665593529,0.9949078777104005,677.2,385.8,338.6,131
14404.0,626,58,204,104.33333333333333,5.665894208390024,2.4601684425960633,1039.1299999999999,306.06,173.18833333333336,84
13579.0,115,15,74,57.5,3.836591668108979,0.9640787648082292,321.29,197.34,160.645,18
13174.0,1128,194,555,376.0,7.496647434601523,1.445316277429254,1998.53,1054.49,666.1766666666666,250
15987.0,405,102,167,81.0,6.599710376974906,1.441263445565729,506.44,230.89,101.288,115
13652.0,474,43,240,158.0,5.341661943989299,1.5605046050671363,1003.64,442.92,334.5466666666667,57
16858.0,76,7,76,76.0,2.75,0.0,290.96000000000004,290.96000000000004,290.96000000000004,8
18219.0,839,50,137,83.9,5.302134997171462,3.238178055146105,1616.92,314.02,161.692,96
14293.0,697,47,282,174.25,5.482012821182282,1.8863082816921724,951.1600000000001,364.92,237.79000000000002,57
16638.0,815,66,294,81.5,6.03623844418911,2.8307542769141127,1121.3,417.81,112.13,67
17674.0,348,16,215,174.0,3.9148663038831004,0.9656361333706098,271.32,175.14000000000001,135.66000000000003,23
12808.0,186,25,79,62.0,4.623516641218014,1.543022494205784,445.7,192.35,148.5666666666667,26
15899.0,38,3,38,38.0,1.584962500721156,0.0,43.5,43.5,43.5,3
12708.0,1226,73,184,122.6,5.935546057151258,3.1981935701623843,2021.37,282.55,202.137,127
15898.0,382,62,204,76.4,5.905625906053526,1.1261552520610507,679.33,342.24,135.866,69
17691.0,128,16,74,64.0,4.0,0.9886994082884974,242.70000000000002,132.0,121.35,16
17227.0,295,24,75,49.166666666666664,4.356498487629713,2.5090275125326515,369.86,115.05,61.64333333333334,38
15919.0,381,100,210,190.5,6.569146439760352,0.8843507645372042,483.74,311.61,241.87,119
13497.0,159,18,109,79.5,4.169925001442313,0.9910760598382222,321.05,194.55,160.525,18
15860.0,349,94,89,43.625,6.369904328158804,2.7768033589436927,754.76,141.9,94.345,126
15304.0,64,6,23,12.8,2.4116022179746714,2.133937566094917,228.50000000000003,81.55000000000001,45.7,13
14344.0,388,46,154,48.5,5.368937409324118,2.3357189357623978,615.5300000000001,239.15000000000003,76.94125000000001,58
15048.0,168,78,86,42.0,6.244685053784765,1.9128952218986308,277.82,137.1,69.455,85
15301.0,2089,144,398,189.9090909090909,7.029579020505561,3.1799599828542258,3457.79,540.62,314.3445454545454,203
16898.0,371,145,148,123.66666666666667,7.158934540649564,1.4930980413206911,441.54,181.24,147.18,151
14708.0,297,21,149,148.5,4.39231742277876,0.9852281360342516,496.11,284.79,248.055,21
14825.0,965,77,172,80.41666666666667,6.066363014294097,3.3039173766073593,1979.3100000000002,290.81,164.94250000000002,114
17596.0,808,152,149,115.42857142857143,7.042918838106645,2.566054740388804,1236.59,327.36,176.6557142857143,209
17860.0,89,48,89,89.0,5.554778283147971,0.0,194.65,194.65,194.65,51
13155.0,484,61,179,121.0,5.7914365135676285,1.5284207160049532,843.0600000000001,316.7,210.765,78
15028.0,354,32,214,88.5,4.8619702778069716,1.3976372505085568,520.84,280.74,130.21,43
16919.0,1279,124,256,116.27272727272727,6.581921125779545,3.353188697972751,1592.8,236.66,144.79999999999998,266
17259.0,348,98,220,174.0,6.556315281686817,0.8812908992306927,485.33,303.65,242.665,110
17019.0,805,158,242,201.25,7.140960031981825,1.9639726136907183,1115.28,326.22,278.82000000000005,217
15882.0,182,20,106,45.5,4.321928094887363,1.4166422780956522,404.76000000000005,249.52,101.19000000000001,20
15984.0,1052,200,385,116.88888888888889,7.54009687555192,2.4022987998313603,1794.96,610.33,199.44,237
14487.0,694,100,261,115.66666666666667,6.523284765557392,2.2630692453545107,946.3299999999999,370.37,157.72166666666666,128
17682.0,1309,44,330,218.16666666666666,5.079701244167344,2.5500918407636783,2338.4900000000002,544.74,389.7483333333333,112
16658.0,36,7,36,36.0,2.8073549220576046,0.0,91.44,91.44,91.44,7
17223.0,95,36,51,47.5,5.121928094887363,0.9837082626231857,225.09,126.53999999999999,112.54499999999999,40
13030.0,327,66,165,163.5,5.960160033722108,0.9509560484549725,514.84,295.11,257.42,81
17191.0,1027,154,299,146.71428571428572,7.024520151278566,2.6164317947762545,1795.56,448.17,256.50857142857143,223
16654.0,181,21,62,45.25,4.39231742277876,1.7423773993623528,375.57,139.95000000000002,93.8925,21
13495.0,678,31,196,135.6,4.757546440698296,2.208949701368105,1661.32,494.2,332.264,43
17519.0,575,49,149,95.83333333333333,5.473557262275184,2.537158656101024,1146.15,282.12,191.025,60
17218.0,823,134,145,82.3,6.7394696367278675,3.139504984668569,1554.88,243.22,155.488,247
17812.0,317,104,126,79.25,6.6170925629195345,1.8712150051271148,547.26,190.35999999999999,136.815,122
14215.0,1165,91,331,194.16666666666666,6.460191680771582,2.3280748625876195,1638.67,511.91,273.1116666666667,101
17320.0,486,42,199,162.0,5.308758439731458,1.5569685454909614,815.88,363.47,271.96,50
12913.0,447,27,202,89.4,4.696131794257844,2.0162154581409464,1088.45,515.5,217.68999999999997,31
17869.0,100,27,65,20.0,4.7068905956085185,1.891416316690631,275.03,175.87,55.00600000000001,30
13564.0,501,55,294,250.5,5.711060786025127,1.0,868.59,466.86,434.295,66
13963.0,326,27,191,81.5,4.754887502163471,1.8157498460961825,469.02,184.39,117.255,27
17091.0,1524,103,296,169.33333333333334,6.483932524835873,2.815547738312409,3417.12,670.2,379.68000000000006,176
17470.0,861,49,226,172.2,5.53086529508788,2.2848319337765104,734.41,202.57999999999998,146.882,59
14907.0,1518,106,471,216.85714285714286,6.621273084969626,2.5376997065111597,2976.33,711.23,425.19,143
16059.0,625,115,206,104.16666666666667,6.718564275840835,2.416550257389854,1303.51,353.51,217.25166666666667,164
17720.0,416,27,139,104.0,4.631292988181899,1.7185134814391207,860.54,290.25,215.135,34
15018.0,173,21,87,57.666666666666664,4.39231742277876,1.4488156357251847,275.36,115.42,91.78666666666668,21
14176.0,201,25,72,50.25,4.593069207771888,1.6893917467430877,514.3000000000001,190.35,128.575,28
15353.0,322,53,201,161.0,5.717850465126429,0.6500224216483541,548.27,352.92,274.135,54
18119.0,74,26,74,74.0,4.700439718141092,0.0,140.09,140.09,140.09,26
17491.0,1175,58,357,117.5,5.722500011987208,3.0249659487828735,2138.03,517.14,213.80300000000003,84
14282.0,1716,66,209,114.4,5.772894997796401,3.7175128515157487,2651.88,293.62,176.792,135
13569.0,149,66,107,74.5,5.9927737861344905,0.8879763195151351,267.72,166.4,133.86,72
14673.0,704,38,177,140.8,5.030505936946516,2.3053600656882116,1334.64,297.89,266.928,67
16221.0,426,79,308,142.0,6.264283047753004,1.2405020449038573,668.08,451.09,222.6933333333333,84
15002.0,776,90,337,194.0,6.355182645609906,1.9398544006071918,1525.66,541.0500000000001,381.415,111
15965.0,393,83,246,98.25,6.272593449784977,1.1447004641010055,752.0,461.38,188.0,106
15024.0,883,92,227,98.11111111111111,6.318270204503376,2.679480317442981,1470.33,376.02,163.37,135
13769.0,943,61,164,94.3,5.571662396310748,3.169648550608474,2122.08,317.92,212.208,117
16086.0,401,20,110,80.2,4.123231428797621,2.266253399951849,792.11,250.24,158.422,30
13786.0,104,6,104,104.0,2.584962500721156,0.0,148.8,148.8,148.8,6
13880.0,1769,113,255,136.07692307692307,6.691813533095017,3.579064704361171,2927.18,414.82,225.1676923076923,152
13173.0,245,40,131,122.5,5.297079327540667,0.9934472383802027,340.21,174.27,170.10500000000002,42
15858.0,1076,134,483,215.2,6.927576164522907,2.261150021358498,1175.8,340.67,235.16,172
15180.0,36,6,36,36.0,2.584962500721156,0.0,87.5,87.5,87.5,6
12347.0,1893,96,548,270.42857142857144,6.352221925448353,2.6945107875408234,3314.73,982.4,473.53285714285715,166
14739.0,338,22,84,56.333333333333336,4.418295834054489,2.5189704621597437,745.38,242.4,124.23,24
16293.0,946,85,186,94.6,6.321209564709833,3.065381739738511,1873.99,342.3,187.39900000000003,100
17419.0,1797,126,244,149.75,6.82297968175649,3.4394731305789383,3460.77,461.17,288.3975,168
16775.0,398,71,66,36.18181818181818,5.839076948480823,3.3500103708813747,1271.1100000000001,184.2,115.55545454545455,134
16306.0,393,34,208,65.5,5.04729120346679,2.005958095007847,555.17,264.5,92.52833333333332,37
16950.0,350,30,193,116.66666666666667,4.875,1.2261134199863002,741.3000000000001,439.53000000000003,247.1,32
17591.0,899,66,222,128.42857142857142,5.628388061245492,2.2916892314199075,1541.47,404.82000000000005,220.21,125
16125.0,122,12,122,122.0,3.584962500721156,0.0,273.45,273.45,273.45,12
13807.0,32,5,32,32.0,2.321928094887362,0.0,80.8,80.8,80.8,5
15081.0,177,19,55,35.4,4.023145853739676,2.2516898379331405,371.2,93.25,74.24000000000001,26
16365.0,194,31,114,27.714285714285715,4.923181998146334,2.2650869652839885,547.61,258.76,78.23,33
14821.0,20,2,20,20.0,1.0,0.0,48.800000000000004,48.800000000000004,48.800000000000004,2
16863.0,304,23,200,152.0,4.501629167387823,0.9544340029249649,417.43,254.63,208.715,24
15628.0,1686,79,248,187.33333333333334,6.045526369510134,3.127875822126167,2582.64,353.22,286.96,144
12386.0,94,7,94,94.0,2.8073549220576046,0.0,215.7,215.7,215.7,7
13329.0,223,11,127,111.5,3.418295834054489,1.0,290.28,166.07999999999998,145.14,12
18077.0,1713,101,243,155.72727272727272,6.198195949375007,3.415151259514743,2404.95,315.13,218.63181818181818,220
17406.0,647,86,425,323.5,6.3557958340544936,0.6736547152290011,1162.97,724.07,581.485,96
13842.0,1567,123,382,174.11111111111111,6.7913415217711215,3.0543309520920205,2555.65,532.42,283.9611111111111,166
12441.0,120,10,120,120.0,3.321928094887362,0.0,155.55,155.55,155.55,10
13199.0,1013,32,120,53.31578947368421,4.858623612163837,3.969859316563388,2406.84,328.4,126.67578947368422,52
14032.0,1388,46,239,126.18181818181819,5.094981254873494,3.1830549631894574,2127.62,278.44,193.42,117
16525.0,1129,40,84,45.16,4.842224760856477,4.513460684196429,3793.31,323.5,151.73239999999998,80
17975.0,1401,174,238,107.76923076923077,7.183190525673153,3.5412787428086148,3743.3,638.2,287.94615384615383,267
16122.0,224,16,88,56.0,3.8820451081368628,1.632105718491017,342.18,193.2,85.545,23
15973.0,16,2,16,16.0,1.0,0.0,34.4,34.4,34.4,2
13126.0,1645,107,382,205.625,6.668742059535011,2.798419133959916,1760.17,316.34000000000003,220.02125,121
16893.0,60,42,60,60.0,5.379753126795121,0.0,126.03,126.03,126.03,43
18043.0,255,98,151,85.0,6.559132640566307,1.450625766089062,426.59000000000003,234.56,142.1966666666667,107
16016.0,579,143,134,72.375,6.953660877604725,2.714895534527319,1246.56,328.12,155.82,210
17324.0,390,33,200,97.5,4.977709911169939,1.40512406115886,414.84000000000003,168.61,103.71000000000001,39
17341.0,313,139,242,104.33333333333333,7.074807614392861,0.5489670187486324,516.3000000000001,382.26,172.1,149
16385.0,249,48,101,83.0,5.539241209280178,1.5829325421492433,478.01,238.54,159.33666666666667,53
15032.0,165,15,110,82.5,3.810081020521731,0.9509560484549725,315.25,208.5,157.625,27
18061.0,327,11,76,32.7,2.945249011792689,3.1689869584530608,1053.39,209.6,105.33900000000001,28
17213.0,1068,73,270,152.57142857142858,5.995940713247983,2.753169720813175,2151.9500000000003,416.71000000000004,307.42142857142863,126
13455.0,310,33,160,155.0,5.028639311838574,0.9366673818775626,630.9,417.6,315.45000000000005,34
14217.0,447,48,92,26.294117647058822,5.457361074259227,3.8409754564530787,1210.3600000000001,179.24,71.19764705882353,63
17262.0,70,7,40,23.333333333333332,2.8073549220576046,1.3787834934861758,391.81,298.0,130.60333333333332,7
18259.0,678,26,300,226.0,4.5706090166549025,1.4552137931890252,2203.6000000000004,935.4000000000001,734.5333333333334,41
16679.0,28,2,28,28.0,1.0,0.0,117.0,117.0,117.0,2
18269.0,70,6,70,70.0,2.584962500721156,0.0,138.9,138.9,138.9,6
15298.0,1926,101,349,175.0909090909091,6.426891681820376,3.17095947459147,3106.88,524.7,282.44363636363636,167
13523.0,1270,113,368,254.0,6.764601350674547,2.1101265155337785,2166.58,658.84,433.316,124
15581.0,267,125,97,26.7,6.92307568962742,2.8869331387268513,603.9300000000001,216.69,60.392999999999994,135
15680.0,769,57,330,256.3333333333333,5.725502123995107,1.4701128093454605,1153.39,488.88,384.4633333333333,70
13649.0,138,22,72,69.0,4.459431618637295,0.9456603046006402,333.85,185.05,166.925,22
17894.0,383,121,75,47.875,6.607683980129161,2.871465435504892,904.91,159.06,113.11375000000001,185
13077.0,511,95,244,127.75,6.531160721357992,1.5737342209663172,637.21,270.52,159.3025,103
13531.0,162,13,93,81.0,3.6168746059562227,0.9366673818775626,357.7,201.25,178.85000000000002,17
13140.0,177,37,70,59.0,5.1542221846835234,1.584962500721156,348.67,126.46,116.22333333333334,42
15713.0,142,13,90,71.0,3.6644977792004623,0.9402859586706309,266.6,172.8,133.3,14
17999.0,215,83,125,107.5,6.350989472860217,0.9653168212008996,334.79,190.05,167.395,87
15347.0,34,4,34,34.0,2.0,0.0,81.60000000000001,81.60000000000001,81.60000000000001,4
14766.0,1256,103,412,209.33333333333334,6.558280022551739,2.431773341986358,2282.42,560.44,380.40333333333336,126
13984.0,139,12,84,34.75,3.584962500721156,1.855388542207534,277.43,131.4,69.3575,12
15996.0,357,87,116,59.5,6.332314829324381,2.4696848736668606,792.23,201.6,132.03833333333333,109
14030.0,1415,190,444,176.875,7.490017525461451,2.730924742085227,1594.7,508.78000000000003,199.3375,219
16596.0,91,10,48,45.5,3.321928094887362,1.0,193.85000000000002,113.0,96.92500000000001,10
16011.0,1927,94,195,120.4375,6.171727230021483,3.8685962379039887,3224.48,348.03999999999996,201.53,204
17655.0,660,45,186,94.28571428571429,5.409705133058607,2.688493580939433,1342.44,325.94,191.77714285714288,58
14243.0,992,80,158,99.2,6.119629783991834,3.212760894520882,2152.2400000000002,304.92,215.22400000000002,116
14437.0,60,5,60,60.0,2.321928094887362,0.0,63.0,63.0,63.0,5
12942.0,182,60,88,60.666666666666664,5.906890595608517,1.2013794847352097,496.7,209.58,165.5666666666667,60
15660.0,931,49,198,116.375,5.375171416620204,2.650671616439531,1421.89,331.84000000000003,177.73625,81
18092.0,938,19,180,104.22222222222223,3.92754587548139,3.0018673767815685,2815.62,592.2,312.84666666666664,49
14299.0,1317,78,515,164.625,6.132106572533007,2.5781973272180188,2127.39,656.15,265.92375000000004,115
18071.0,220,19,156,110.0,4.201841232302569,0.9587118829771318,369.4,246.2,184.7,21
13854.0,964,24,102,40.166666666666664,4.222660070473904,4.348026887661504,2507.8199999999997,246.1,104.49249999999999,61
12797.0,76,7,76,76.0,2.8073549220576046,0.0,146.28,146.28,146.28,7
13369.0,92,9,92,92.0,3.169925001442312,0.0,153.85000000000002,153.85000000000002,153.85000000000002,9
14932.0,61,7,61,61.0,2.8073549220576046,0.0,140.43,140.43,140.43,7
12429.0,1096,65,380,274.0,5.915883293829269,1.9194673005237104,2313.04,902.2,578.26,77
14355.0,90,10,90,90.0,3.321928094887362,0.0,158.5,158.5,158.5,10
17526.0,90,8,62,30.0,3.0,1.4056390622295662,140.20000000000002,80.4,46.73333333333333,8
14896.0,278,42,183,139.0,5.3923174227787625,0.8296071030882032,457.82,246.27,228.91000000000003,42
14440.0,484,28,159,96.8,4.5829005103651115,2.0112976613283196,1549.88,456.0,309.976,43
13240.0,294,55,130,73.5,5.723311669531665,1.9220341658868645,616.7,215.57,154.175,63
14479.0,109,14,56,54.5,3.8073549220576055,0.9402859586706309,252.65,158.5,126.325,14
16065.0,179,69,179,179.0,6.093409091335662,0.0,317.84000000000003,317.84000000000003,317.84000000000003,71
17430.0,154,13,94,77.0,3.7004397181410926,0.961236604722876,242.36,129.76000000000002,121.18,13
16520.0,544,119,216,181.33333333333334,6.805670038246051,1.5621478109954836,912.72,354.85,304.24,145
15945.0,16,1,16,16.0,0.0,0.0,13.6,13.6,13.6,1
15271.0,1218,170,172,81.2,7.240540966253611,3.2652335549807163,2161.79,354.45,144.11933333333334,247
13982.0,865,67,273,216.25,5.895129140842633,1.9540133678795963,1414.1,546.15,353.525,102
15288.0,751,73,371,150.2,6.1469280948873575,2.035775414972553,2074.12,986.75,414.82399999999996,80
17978.0,65,10,65,65.0,3.321928094887362,0.0,129.5,129.5,129.5,10
16795.0,237,62,237,237.0,5.925704882778696,0.0,392.18,392.18,392.18,64
16519.0,42,7,24,21.0,2.8073549220576046,0.9852281360342516,74.38,38.68,37.19,7
17816.0,30,16,16,7.5,3.969815782426811,1.54515219719895,36.56,16.21,9.14,17
16255.0,1346,135,306,168.25,6.787359032222318,2.9504973216460892,2170.0,437.12,271.25,246
17671.0,444,31,142,111.0,4.833014173206122,1.9437390346589716,935.51,380.26,233.8775,43
17646.0,298,36,117,99.33333333333333,5.1136495655936915,1.5121371519329765,796.7900000000001,311.69,265.59666666666664,41
17339.0,56,7,40,28.0,2.8073549220576046,0.9852281360342516,199.20000000000002,139.20000000000002,99.60000000000001,7
12872.0,284,55,170,142.0,5.72838985877397,0.987956501491916,507.12,311.18,253.56,62
17097.0,445,146,116,55.625,7.055367732698224,2.64891563363107,795.97,158.24,99.49625,202
15192.0,528,31,299,176.0,4.87950646081201,1.3829839249845157,618.6,299.75,206.20000000000002,38
17950.0,292,58,134,97.33333333333333,5.800704882778696,1.4881860880157607,355.07,164.85,118.35666666666667,64
12826.0,1006,57,266,143.71428571428572,5.6415272628521045,2.6647557656743337,1454.2,327.73,207.74285714285716,90
17456.0,150,15,150,150.0,3.906890595608518,0.0,219.62,219.62,219.62,15
15811.0,937,106,261,156.16666666666666,6.657299590984494,2.40094315446142,1871.28,434.74,311.88,119
13327.0,1160,69,274,145.0,5.9461770052008935,2.714087644954304,2679.87,743.42,334.98375,92
15211.0,221,41,112,110.5,5.357552004618081,0.9892452969285004,670.9100000000001,377.94,335.45500000000004,41
15596.0,519,43,155,103.8,5.226463802664878,2.075690902796516,1063.89,289.97,212.77800000000002,62
16163.0,18,3,18,18.0,1.584962500721156,0.0,50.1,50.1,50.1,3
16907.0,268,79,65,53.6,6.133471484523633,2.2994123993162434,733.21,210.92000000000002,146.642,125
14702.0,1275,166,233,75.0,7.14187849616494,3.8963550673874447,2304.04,333.96,135.53176470588235,286
17076.0,136,11,50,45.333333333333336,3.3927474104487847,1.5766212201074912,386.9599999999999,183.25999999999996,128.98666666666665,13
17827.0,1059,180,535,211.8,7.423626873823637,1.9316614577930915,1751.3600000000001,830.98,350.27200000000005,204
17880.0,272,22,272,272.0,4.459431618637295,0.0,387.82,387.82,387.82,22
13000.0,252,24,181,126.0,4.5638561897747225,0.904381457724494,382.16,228.11,191.08,25
17790.0,769,112,123,54.92857142857143,6.53946635346382,3.398476708303043,1652.25,276.43,118.01785714285714,172
14419.0,480,109,119,80.0,6.509147347543731,2.531239966068009,1025.94,225.7,170.99,199
14082.0,70,25,70,70.0,4.623516641218015,0.0,127.05,127.05,127.05,26
17912.0,124,27,62,24.8,4.735926350629031,1.7420625893494752,188.73,81.48,37.746,28
15723.0,67,35,67,67.0,5.114369445886754,0.0,137.0,137.0,137.0,36
14037.0,45,26,33,22.5,4.680813428089397,0.3809465857053901,139.25,103.85000000000001,69.625,27
14256.0,388,40,290,194.0,5.297079327540667,0.9402859586706309,738.0600000000001,423.36,369.03,42
16062.0,692,42,315,173.0,5.310443057719023,1.855676731371751,571.52,222.98000000000002,142.88,54
18178.0,878,75,356,219.5,6.153996738665717,1.9561922883207017,1503.82,467.05,375.95500000000004,92
18065.0,875,87,209,62.5,6.356403439804591,3.3210510886456652,1790.41,394.99,127.88642857142858,103
14107.0,1521,54,366,217.28571428571428,5.547769051530785,2.70108470516584,2398.4700000000003,577.7,342.6385714285715,111
15881.0,56,20,47,14.0,4.297079327540665,0.8180959929710641,193.84,181.29000000000002,48.46,21
16727.0,167,41,167,167.0,5.323067982273659,0.0,256.32,256.32,256.32,44
12785.0,125,12,125,125.0,3.584962500721156,0.0,233.15,233.15,233.15,12
15514.0,882,88,221,98.0,6.233248944695677,2.721658818565194,1795.18,484.77,199.46444444444444,122
13787.0,187,20,131,93.5,4.209867121904035,0.8403586716091171,231.55,125.15,115.775,26
16565.0,6,2,6,6.0,1.0,0.0,35.7,35.7,35.7,2
14062.0,751,44,166,83.44444444444444,5.312826114940556,2.8261034581944227,2289.89,445.42,254.4322222222222,53
18016.0,540,74,309,108.0,6.037564284943828,2.090426428610477,949.6,494.59000000000003,189.92000000000002,100
14448.0,55,18,43,27.5,4.169925001442313,0.3095434291503252,127.80000000000001,92.4,63.900000000000006,18
15503.0,68,64,68,68.0,6.0,0.0,122.59,122.59,122.59,64
17251.0,105,35,105,105.0,5.129283016944964,0.0,244.33,244.33,244.33,35
14577.0,353,86,131,88.25,6.28565281818906,1.9788454867652083,859.71,346.90000000000003,214.9275,123
12753.0,490,22,194,81.66666666666667,4.373660689688184,2.1961182137782957,1909.12,685.24,318.18666666666667,25
17236.0,374,83,83,62.333333333333336,6.226111814666563,2.3919090920522503,787.58,192.95000000000002,131.26333333333335,100
17372.0,701,205,127,87.625,7.581875072699624,2.914400489757325,1227.3,200.17000000000002,153.41250000000002,241
16367.0,470,113,384,235.0,6.801988651207317,0.8582307926411411,696.76,537.62,348.38,117
17917.0,183,76,75,61.0,6.169828843471633,1.5725726574739731,318.08,119.55,106.02666666666666,91
16010.0,202,62,95,67.33333333333333,5.828973469641321,1.4556579492472848,392.4,163.55,130.79999999999998,79
17188.0,754,55,219,107.71428571428571,5.691448197577275,2.48576889676576,1404.21,309.12,200.60142857142858,65
14413.0,66,21,66,66.0,4.39231742277876,0.0,111.10000000000001,111.10000000000001,111.10000000000001,21
18004.0,70,28,70,70.0,4.718488437474714,0.0,112.37,112.37,112.37,33
13959.0,345,76,153,115.0,6.184928853514151,1.3233094947926693,508.59000000000003,222.6,169.53,86
16665.0,19,5,19,19.0,2.321928094887362,0.0,39.25,39.25,39.25,5
15454.0,84,22,84,84.0,4.418295834054489,0.0,157.2,157.2,157.2,24
17618.0,299,49,145,99.66666666666667,5.552188259778774,1.2127151460155958,644.63,275.7,214.87666666666667,57
18037.0,17,16,5,2.8333333333333335,4.0,2.298794940695399,33.17,11.35,5.528333333333333,16
15361.0,108,5,108,108.0,2.321928094887362,0.0,139.8,139.8,139.8,5
15689.0,82,8,54,41.0,3.0,0.9544340029249649,238.8,150.6,119.4,8
13999.0,2034,95,262,169.5,6.276160180634125,3.554203548108223,3481.1600000000003,372.57,290.09666666666664,193
14498.0,904,148,406,180.8,7.092930254070774,1.991338281709877,1519.27,650.78,303.854,178
15854.0,579,99,165,52.63636363636363,6.359249902882786,2.6232434816348182,1986.7300000000002,339.0,180.6118181818182,128
16701.0,888,50,191,74.0,5.5137948768030975,3.401142993165261,1970.24,312.05999999999995,164.18666666666664,66
16927.0,33,4,23,16.5,2.0,0.8112781244591328,139.85,123.35,69.925,4
17990.0,378,26,290,126.0,4.66449777920046,1.3571305013426214,585.84,314.84000000000003,195.28,28
14544.0,783,80,427,391.5,6.282023955618838,0.9976161146077624,1175.57,687.96,587.7850000000001,87
14565.0,1184,95,535,296.0,6.504378017417619,1.8445761011457817,2611.46,1041.6200000000001,652.865,109
16726.0,882,113,428,176.4,6.615923356236406,1.7472210004167827,1132.15,540.33,226.43,166
17303.0,138,47,138,138.0,5.55458885167764,0.0,192.24,192.24,192.24,47
14639.0,1224,105,569,204.0,6.615588784575558,2.212761712685082,2115.32,789.29,352.55333333333334,125
17179.0,289,55,109,96.33333333333333,5.667519197462035,1.5177241242915656,701.84,243.0,233.9466666666667,79
17524.0,90,6,90,90.0,2.584962500721156,0.0,145.0,145.0,145.0,6
17293.0,810,86,150,101.25,6.214131419815184,2.783248066738007,1387.14,291.3,173.39249999999998,122
17890.0,360,82,292,180.0,6.33880270084359,0.8739810481273578,508.57,422.39,254.285,85
17371.0,102,73,71,34.0,6.1754853571625565,1.0521414449214401,205.15,139.25,68.38333333333334,75
17969.0,26,8,15,13.0,3.0,0.9544340029249649,63.45,38.45,31.725,8
13211.0,594,43,413,198.0,5.343898136046726,0.8059752007494909,483.42,367.94,161.14,51
15777.0,136,12,91,45.333333333333336,3.5465935642949384,0.9912642605354288,309.21000000000004,147.66,103.07000000000001,13
13324.0,381,11,96,47.625,3.346439344671015,2.870950594454669,1036.95,278.4,129.61875,20
13948.0,36,2,36,36.0,1.0,0.0,70.19999999999999,70.19999999999999,70.19999999999999,2
16202.0,178,15,178,178.0,3.906890595608518,0.0,247.52,247.52,247.52,15
16442.0,369,152,223,123.0,7.221928094887367,1.555568004571942,495.2,223.57,165.06666666666663,160
18075.0,1266,78,211,126.6,6.030163536504741,3.2007209161922794,2091.91,349.55,209.19099999999997,119
14524.0,639,139,134,71.0,6.989523967034843,2.9677867788701255,1438.78,335.3,159.86444444444444,172
17041.0,807,55,312,269.0,5.7233116695316655,1.5574370893725775,938.77,392.55,312.92333333333335,63
16458.0,2122,52,202,117.88888888888889,5.151022954699646,4.126587698359574,3469.3,254.8,192.7388888888889,201
16083.0,410,22,294,205.0,4.459431618637295,0.9023932827949789,606.14,312.78,303.07,22
17194.0,49,21,49,49.0,4.368522527728205,0.0,76.12,76.12,76.12,22
14871.0,179,68,70,44.75,5.917928300239033,1.9403523415335067,501.28000000000003,165.98000000000002,125.32000000000001,93
18044.0,960,69,153,96.0,5.977173192758674,3.1488004041272415,1385.75,302.77000000000004,138.575,93
16812.0,57,12,57,57.0,3.584962500721156,0.0,204.15,204.15,204.15,12
17158.0,680,44,268,226.66666666666666,5.3782303430994896,1.5485806065228545,954.77,411.66999999999996,318.25666666666666,52
16899.0,422,68,146,70.33333333333333,5.911991425136459,2.5167787190854978,811.56,325.0,135.26,103
16531.0,710,59,164,101.42857142857143,5.801969876934218,2.7280756917246682,1050.32,227.28,150.04571428571427,66
16556.0,1664,113,439,237.71428571428572,6.646258170594177,2.6658583627363095,2316.6,605.4300000000001,330.9428571428572,150
16805.0,277,88,150,138.5,6.441860574264637,0.9803107984107203,365.31,190.53,182.655,91
16503.0,535,57,209,133.75,5.760229157204469,1.9193860483133602,1121.73,409.59000000000003,280.4325,66
17739.0,463,27,90,66.14285714285714,4.615311532225102,2.74006825995774,2131.35,504.0,304.4785714285714,40
13238.0,240,15,108,80.0,3.783465189601646,1.404107451387086,493.68,232.98000000000002,164.56000000000003,25
13756.0,1254,55,166,96.46153846153847,5.519985390779,3.5703802731736944,2800.04,384.8,215.3876923076923,102
15392.0,1021,68,314,255.25,6.0330203069286705,1.9519287995323873,1354.69,514.9300000000001,338.6725,77
16145.0,2134,117,242,194.0,6.595179010289665,3.449358814516658,3175.15,382.77000000000004,288.65000000000003,197
17629.0,1164,95,335,145.5,6.516579922407415,2.6770826781163684,1437.32,524.4399999999999,179.665,105
14150.0,426,22,234,213.0,4.418295834054489,0.9798687566511527,584.74,352.46000000000004,292.37,24
13496.0,321,24,209,160.5,4.50258340716107,0.869137580612638,528.23,375.91,264.115,31
13611.0,579,62,262,193.0,5.92318199814634,1.4076186143816483,944.01,433.44,314.67,66
16954.0,671,35,239,95.85714285714286,5.0802740137340425,2.3698484521259795,1026.71,323.25,146.67285714285714,39
17454.0,236,54,77,59.0,5.720049960644812,1.6672997129995555,451.88,132.25,112.97,58
17449.0,1074,158,248,153.42857142857142,7.063839618412565,2.5170458260997313,2149.81,591.61,307.11571428571426,244
14060.0,2274,62,361,142.125,5.7359349106050965,3.803904568802228,2586.58,289.98,161.66125,143
15950.0,700,78,304,175.0,6.223580624294538,1.8148493701198412,1580.31,613.76,395.0775,88
15512.0,68,7,56,34.0,2.8073549220576046,0.5916727785823275,121.0,101.2,60.5,7
17525.0,66,5,66,66.0,2.321928094887362,0.0,295.5,295.5,295.5,5
16003.0,1059,73,397,211.8,6.109051284226319,2.0554130082610946,1628.8700000000001,573.7,325.774,93
13092.0,113,12,48,22.6,3.52164063634332,2.270942421748537,248.61,67.5,49.722,14
16353.0,1098,49,192,68.625,5.374954924291565,3.389783465555734,2745.05,427.23,171.565625,77
13426.0,1969,97,325,196.9,6.445971749465809,3.1672635527575794,2924.02,506.46,292.402,147
15101.0,35,5,32,17.5,2.321928094887362,0.7219280948873623,113.35000000000001,95.5,56.675,5
17033.0,320,21,146,106.66666666666667,4.368522527728205,1.5394847569315018,617.76,300.29999999999995,205.92,22
13221.0,217,49,139,108.5,5.59399396942248,0.9975025463691153,570.71,354.91,285.355,51
17692.0,472,29,226,118.0,4.68418371977919,1.7906454496153463,603.54,258.36,150.885,40
15822.0,344,22,207,172.0,4.3845171317931,0.975119064940866,627.02,381.67,313.51,27
16134.0,353,32,213,176.5,4.9837880587523955,0.9833761901392237,571.89,334.56,285.945,33
17551.0,141,38,141,141.0,5.247927513443589,0.0,281.84,281.84,281.84,38
18050.0,40,5,40,40.0,2.321928094887362,0.0,74.4,74.4,74.4,5
14913.0,1056,67,314,264.0,6.031036112553428,1.9583341510437715,995.12,290.3,248.78,72
15641.0,1278,95,466,319.5,6.499326789754052,1.9473153156907506,1749.32,581.82,437.33000000000004,111
17214.0,247,64,58,41.166666666666664,5.874921660210461,2.541299044214322,720.07,161.0,120.01166666666666,83
15456.0,379,45,230,126.33333333333333,5.421554168830134,1.3500171663224223,356.17,193.42000000000002,118.72333333333334,54
15062.0,583,43,226,145.75,5.325251737288654,1.9455377760447543,912.38,317.0,228.095,52
12928.0,996,55,250,199.2,5.651758279767903,2.244400997245852,1739.74,392.34000000000003,347.948,79
17980.0,105,19,54,35.0,4.221928094887362,1.2192407046368487,228.15,104.9,76.05,20
12577.0,463,133,304,154.33333333333334,7.022986556124406,1.405537670354501,570.65,327.89,190.21666666666667,142
17189.0,211,48,118,105.5,5.532665279941245,0.9640787648082292,264.9,154.82,132.45,54
17496.0,78,9,78,78.0,3.169925001442312,0.0,251.10000000000002,251.10000000000002,251.10000000000002,9
16607.0,2072,123,392,172.66666666666666,6.803655773757087,3.430014365387974,2374.72,377.26,197.89333333333332,150
13890.0,818,71,178,81.8,5.927977176077615,3.231351402825998,1792.46,310.76,179.246,106
17001.0,1799,62,230,163.54545454545453,5.61708483353105,3.404794259233667,3317.16,430.8,301.56,146
15246.0,208,29,122,104.0,4.840223928941852,0.9709505944546686,458.1,272.1,229.05,30
15482.0,540,17,192,60.0,3.8018020129520314,2.8826633221915627,1805.1200000000001,689.76,200.5688888888889,29
16037.0,420,34,186,140.0,5.058813890331199,1.5419822842863982,675.4200000000001,280.56,225.14000000000001,36
14841.0,1502,88,317,250.33333333333334,6.291096022909741,2.537473734733501,2687.08,573.82,447.84666666666664,117
16670.0,2167,156,452,197.0,7.118104239838047,3.0245774309861937,3413.27,614.23,310.29727272727274,219
14414.0,1343,63,261,191.85714285714286,5.90195488586999,2.724695068292754,1021.5699999999999,177.23000000000002,145.9385714285714,74
15563.0,1030,80,440,343.3333333333333,6.222642857387795,1.5300303808171334,1070.08,435.66,356.6933333333333,99
12980.0,21,1,21,21.0,0.0,0.0,97.65,97.65,97.65,1
14878.0,661,58,135,73.44444444444444,5.508452224058736,3.074012603330869,1259.39,322.01,139.9322222222222,116
16743.0,1818,87,404,259.7142857142857,6.2096387254581105,2.746134016045641,2061.4,403.53000000000003,294.4857142857143,184
17146.0,190,23,109,95.0,4.501629167387823,0.9949848281859701,400.98,204.05,200.49,24
12877.0,1083,94,216,90.25,6.251004337093458,2.7809002049917746,1413.31,268.29,117.77583333333335,146
15394.0,833,47,279,208.25,5.368039007433137,1.9504513975751367,1743.69,585.9300000000001,435.9225,74
14621.0,882,71,322,176.4,6.089259321691255,2.271914411984471,1480.57,399.94,296.114,82
15379.0,1917,130,594,273.85714285714283,6.864947581801565,2.5617290967570017,3175.11,1135.6200000000001,453.58714285714285,176
17288.0,635,102,237,105.83333333333333,6.5814506772348205,1.0954833767142738,797.35,386.73,132.89166666666668,115
15157.0,1576,103,640,525.3333333333334,6.686500527183236,1.5603998969605672,1391.86,750.04,463.9533333333334,103
17744.0,1726,90,580,287.6666666666667,6.421341827169321,2.3495331003009152,1613.26,567.0,268.87666666666667,105
16316.0,1298,97,434,185.42857142857142,6.503452803336666,2.3907345895433356,1775.97,480.40000000000003,253.71,121
15620.0,836,74,364,278.6666666666667,6.177198469696093,1.5426466496656661,1177.85,559.27,392.6166666666666,79
15789.0,330,22,330,330.0,4.459431618637295,0.0,297.65999999999997,297.65999999999997,297.65999999999997,22
16560.0,480,44,316,240.0,5.447408651885229,0.9389320105807949,627.76,382.93,313.88,45
17580.0,81,42,70,40.5,5.379753126795121,0.3650551896402848,160.07,113.22,80.035,43
15759.0,40,4,28,20.0,2.0,0.8112781244591328,77.24000000000001,57.440000000000005,38.620000000000005,4
14373.0,12,1,12,12.0,0.0,0.0,10.2,10.2,10.2,1
18176.0,275,27,275,275.0,4.754887502163471,0.0,412.85,412.85,412.85,27
15366.0,532,32,471,266.0,4.926427859887888,0.7320666900931938,529.94,424.4,264.96999999999997,39
17857.0,10,1,10,10.0,0.0,0.0,5.5,5.5,5.5,1
16816.0,272,27,141,68.0,4.754887502163471,1.7446231555025964,401.16,233.77,100.29,27
16684.0,330,15,84,41.25,3.8521687236032816,2.74894004700543,1357.74,508.2,169.7175,17
14334.0,1577,79,274,197.125,6.0630180378211405,2.96126758567134,1829.61,304.98,228.70125,123
13694.0,1171,58,180,58.55,5.8125,3.94919834670499,2597.97,497.59999999999997,129.89849999999998,64
14643.0,357,21,204,178.5,4.39231742277876,0.9983636725938131,321.07,162.07999999999998,160.535,21
15197.0,379,27,233,126.33333333333333,4.735926350629031,1.1625782147358088,447.34,226.09,149.11333333333334,28
14220.0,200,20,138,100.0,4.321928094887363,1.0,510.72,319.42,255.36,20
13874.0,140,14,140,140.0,3.8073549220576055,0.0,247.45000000000002,247.45000000000002,247.45000000000002,14
18260.0,1224,78,349,204.0,6.156062116030084,2.4634720046655185,2102.86,498.1,350.4766666666667,115
17848.0,224,36,132,37.333333333333336,5.11219997521703,2.288825508140616,331.02,86.91,55.169999999999995,39
17392.0,272,48,173,136.0,5.554778283147971,0.8189555018403103,332.52,187.02,166.26,51
12348.0,140,6,96,46.666666666666664,2.584962500721156,1.2516291673878228,90.2,52.800000000000004,30.066666666666666,6
14985.0,207,76,123,103.5,6.216393212761157,0.9910760598382222,263.34,153.52,131.67000000000002,81
14560.0,440,25,172,33.84615384615385,4.476064195050471,3.297462589305588,600.03,195.32,46.15615384615384,33
12600.0,632,30,110,70.22222222222223,4.537635087443514,3.075908001038746,1996.22,309.23,221.8022222222222,51
13627.0,881,71,249,176.2,6.096236994475544,2.18772610902199,1202.13,350.87,240.42600000000002,78
15291.0,680,40,104,61.81818181818182,5.151888567000149,3.1948599589719846,2201.86,337.8,200.16909090909093,61
17404.0,426,28,124,53.25,4.702819531114783,2.6870853603642235,1172.14,248.70000000000002,146.5175,32
12551.0,100,10,100,100.0,3.321928094887362,0.0,168.0,168.0,168.0,10
12782.0,951,74,252,190.2,6.0941078799230315,2.268104527525446,1753.8700000000001,522.1800000000001,350.774,92
15780.0,212,22,126,70.66666666666667,4.41829583405449,1.4591479170272448,402.08,212.86,134.02666666666667,24
12417.0,1248,124,281,138.66666666666666,6.886821198576108,3.061442471343359,2119.85,397.69,235.5388888888889,139
12726.0,1440,48,412,205.71428571428572,5.381092380119332,2.497511442951282,1550.1,488.65999999999997,221.44285714285712,88
15204.0,70,5,70,70.0,2.321928094887362,0.0,157.5,157.5,157.5,5
17888.0,246,38,91,41.0,5.234120167580196,2.2012777106384798,295.47,147.96,49.245000000000005,39
17007.0,435,40,209,72.5,5.308771516813203,2.3447279208295364,663.41,256.43,110.56833333333334,41
15160.0,48,3,48,48.0,1.584962500721156,0.0,51.96,51.96,51.96,3
14016.0,1502,126,421,375.5,6.953485028449352,1.9796109210054325,2642.62,869.6999999999999,660.655,132
13033.0,83,11,83,83.0,3.459431618637298,0.0,190.55,190.55,190.55,11
12691.0,252,20,98,63.0,4.251629167387823,1.8291722720787553,678.2,285.1,169.55,24
16885.0,164,71,100,54.666666666666664,6.043596359005642,1.521282104898352,326.26,141.86,108.75333333333333,83
17913.0,198,53,100,99.0,5.708632440797383,0.9940302114769565,339.39,202.15,169.695,55
12668.0,1339,100,412,334.75,6.521142620598468,1.9401831565914538,2602.03,920.25,650.5074999999999,136
14472.0,1060,138,280,132.5,6.831589050601325,2.7639741007979812,1507.9,324.32,188.4875,246
17358.0,188,53,144,94.0,5.700212064914751,0.863120568566631,342.36,233.16000000000003,171.18,56
18245.0,1695,139,450,242.14285714285714,7.04824746814984,2.460644342289914,2266.43,785.35,323.7757142857143,161
17343.0,54,15,54,54.0,3.906890595608518,0.0,168.74,168.74,168.74,15
16153.0,777,69,367,155.4,6.041060653213011,2.1957296062002865,1463.53,581.55,292.706,79
12377.0,934,69,604,467.0,6.07431823049382,0.9809470132751208,1472.52,1001.52,736.26,74
12944.0,281,26,142,140.5,4.6808134280893965,0.9910760598382222,519.81,292.56,259.905,27
14099.0,1728,153,264,157.0909090909091,7.054674522904062,3.401310304332746,2665.81,349.02000000000004,242.34636363636363,230
17621.0,262,18,166,87.33333333333333,4.169925001442313,1.3821022532543101,692.9,508.18,230.96666666666667,18
17090.0,594,39,244,118.8,5.123516641218016,1.6043948921447506,1344.19,595.69,268.838,52
15527.0,830,113,218,103.75,6.695339311787921,2.8241503281001785,1464.54,445.16,183.0675,138
15460.0,102,48,102,102.0,5.554778283147971,0.0,167.16,167.16,167.16,51
12423.0,1303,89,246,162.875,6.35390925890054,2.909926937206844,1525.41,283.45,190.67625,110
15208.0,267,15,120,53.4,3.767183467891461,2.208363275084507,440.07,122.02,88.014,26
14737.0,165,11,90,55.0,3.459431618637298,1.3221793455166668,530.35,289.05,176.78333333333333,11
16270.0,517,44,517,517.0,5.4594316186372955,0.0,685.99,685.99,685.99,44
12678.0,621,36,177,77.625,5.076825785000351,2.625163803251075,1319.6,319.76,164.95,41
13487.0,239,19,118,79.66666666666667,4.201841232302569,1.509968612636817,361.1,157.35,120.36666666666667,21
12515.0,120,11,120,120.0,3.459431618637298,0.0,190.8,190.8,190.8,11
17400.0,908,149,437,181.6,7.121307897021814,1.7285032299400749,1545.6200000000001,642.27,309.12399999999997,176
17593.0,2097,165,694,419.4,7.318978526808628,2.1925335499418175,3068.48,736.54,613.696,183
14533.0,527,31,263,87.83333333333333,4.910992253015045,2.054366772294808,727.74,302.78,121.29,34
12734.0,88,4,88,88.0,2.0,0.0,110.39999999999999,110.39999999999999,110.39999999999999,4
12383.0,1030,73,615,206.0,6.168980145022539,1.8500993221186322,1200.59,520.32,240.11800000000002,76
15587.0,96,3,36,32.0,1.5219280948873621,1.5219280948873621,305.28,111.96,101.75999999999999,5
13922.0,56,4,56,56.0,2.0,0.0,81.6,81.6,81.6,4
13817.0,208,19,146,104.0,4.186704345910023,0.9456603046006402,328.98,218.28,164.49,22
12585.0,956,68,828,478.0,6.058813890331206,0.6812908868842176,1188.61,931.51,594.3050000000001,72
13165.0,488,25,368,244.0,4.623516641218014,0.8403586716091171,349.28,265.76,174.64,26
13304.0,151,17,151,151.0,4.08746284125034,0.0,244.85000000000002,244.85000000000002,244.85000000000002,17
13313.0,783,47,174,156.6,5.316942151573017,2.311280549309639,1475.1200000000001,324.3,295.024,76
16656.0,348,7,52,31.636363636363637,2.406647097785926,3.356492413796824,1286.88,195.0,116.98909090909092,22
16282.0,77,9,77,77.0,3.169925001442312,0.0,129.75,129.75,129.75,9
12957.0,2333,186,618,291.625,7.465674696641052,2.727440912009128,3521.29,940.22,440.16125,214
13397.0,359,25,103,89.75,4.477024973539649,1.9784854218558248,1113.8600000000001,301.85,278.46500000000003,34
13680.0,1127,136,413,281.75,6.9959074486830755,1.6036316464029068,1790.43,656.0500000000001,447.6075,163
12483.0,796,42,190,113.71428571428571,5.237874017784353,2.544239622758012,1448.69,353.35,206.9557142857143,61
15164.0,345,73,208,115.0,6.0776988977818585,1.4164431361799428,759.08,451.4,253.02666666666664,95
17457.0,107,7,53,26.75,2.8073549220576046,1.6644977792004616,216.49,70.80000000000001,54.1225,7
14732.0,1260,91,284,157.5,6.324672560762756,2.924883331109757,2161.04,430.11,270.13,125
14221.0,1876,103,403,208.44444444444446,6.506801739540831,2.8255676615561325,2651.0,668.21,294.55555555555554,164
14553.0,449,96,187,89.8,6.5356275414550336,2.1819024336820445,543.62,176.44,108.724,105
13253.0,320,20,180,160.0,4.321928094887363,1.0,380.15999999999997,277.8,190.08,20
15841.0,496,25,186,124.0,4.495906598484244,1.8400253434419882,720.04,257.66,180.01000000000002,36
16600.0,851,43,235,141.83333333333334,5.322075643160803,2.476984375046422,658.1,221.6,109.68333333333332,53
15266.0,10,3,10,10.0,1.584962500721156,0.0,47.7,47.7,47.7,3
14653.0,901,135,298,128.71428571428572,6.879146739961685,2.3937902682342336,1483.15,339.03,211.87857142857143,207
16771.0,1221,180,336,244.2,7.365656132528887,2.18583559933191,1819.19,541.78,363.838,228
17585.0,891,159,311,222.75,7.226001418109473,1.8901906010758724,816.77,279.37,204.1925,188
15046.0,1378,121,217,91.86666666666666,6.745164299805698,3.583016383587711,2332.68,340.46999999999997,155.512,157
13082.0,608,45,157,76.0,5.407574770641921,2.6922193913254286,1159.21,299.96,144.90125,54
15464.0,325,133,325,325.0,7.055282435501199,0.0,713.25,713.25,713.25,133
18062.0,111,12,81,37.0,3.584962500721156,1.0408520829727552,282.45,214.35,94.14999999999999,12
12415.0,1161,102,318,105.54545454545455,6.586345003710947,2.481289531183552,3755.64,1045.86,341.4218181818182,116
14258.0,524,25,132,58.22222222222222,4.461320140211007,2.8226057385529266,2439.26,570.66,271.0288888888889,36
13368.0,264,24,252,132.0,4.584962500721156,0.24988229283318547,430.18,394.78000000000003,215.09000000000003,24
17634.0,753,176,130,83.66666666666667,7.327625075582872,2.9237424975301365,1588.89,442.90000000000003,176.54333333333335,247
16676.0,582,56,207,145.5,5.738204882778696,1.885115727628119,1054.88,357.18,263.72,64
12735.0,331,27,256,165.5,4.754887502163471,0.975119064940866,375.07,226.01999999999998,187.535,27
13764.0,907,168,337,302.3333333333333,7.311372266278568,1.581739327602715,1350.6200000000001,534.98,450.20666666666665,192
13656.0,252,43,139,126.0,5.426264754702098,0.8541802051521675,319.79,162.70000000000002,159.895,43
12413.0,268,23,165,89.33333333333333,4.413716068381603,1.2769435597232492,545.2,300.85,181.73333333333335,31
14312.0,746,59,280,124.33333333333333,5.779822295469602,2.448090357668268,1265.06,385.32,210.84333333333333,71
13280.0,475,61,305,158.33333333333334,5.825289857076014,1.345092719382347,723.45,365.85,241.15,75
15845.0,1571,87,338,196.375,6.254155318286704,2.9320859539476776,2943.17,753.82,367.89625,119
13187.0,86,30,86,86.0,4.906890595608519,0.0,154.02,154.02,154.02,30
16567.0,332,27,232,166.0,4.754887502163471,0.8256265261578954,561.4,414.4,280.7,27
12530.0,583,42,215,145.75,5.272273131477817,1.94254327733448,1075.17,386.39000000000004,268.7925,52
16551.0,360,20,133,120.0,4.243300368538955,1.5726236638951638,426.38,204.55,142.12666666666667,22
16889.0,869,99,357,289.6666666666667,6.539652532160965,1.5357116573197516,1273.84,540.31,424.6133333333333,119
16473.0,192,16,76,64.0,4.0,1.5794340029249652,287.91,122.46000000000001,95.97000000000001,16
12829.0,6,2,6,6.0,1.0,0.0,28.5,28.5,28.5,2
15607.0,200,12,200,200.0,3.584962500721156,0.0,87.76,87.76,87.76,12
15139.0,160,12,102,80.0,3.584962500721156,0.9182958340544896,169.84,122.10000000000001,84.92,12
12489.0,93,10,93,93.0,3.321928094887362,0.0,191.43,191.43,191.43,10
17707.0,24,2,18,12.0,0.9182958340544896,0.9182958340544896,50.400000000000006,32.7,25.200000000000003,3
18198.0,1162,70,198,72.625,5.907309176378984,3.5573247435798527,1962.74,376.64,122.67125,116
18179.0,863,73,248,172.6,6.168980145022539,2.264831889640096,1233.24,353.58000000000004,246.648,76
17284.0,1254,223,500,209.0,7.678857616098628,2.1985910953667283,1575.18,656.32,262.53000000000003,285
13233.0,572,33,348,286.0,5.044394119358456,0.9672947789468944,477.2,259.84,238.59999999999997,33
14889.0,90,10,90,90.0,3.321928094887362,0.0,135.9,135.9,135.9,10
12480.0,1296,119,363,324.0,6.806105028702606,1.985897240049077,2266.94,728.35,566.735,136
14672.0,337,50,194,168.5,5.633209655696991,0.9774178175281716,578.57,334.44,289.28499999999997,51
13593.0,633,59,211,126.6,5.680073239773254,2.029381423047422,1425.13,441.8,285.026,95
14867.0,306,25,126,102.0,4.566108939837479,1.4882607163738673,517.78,229.9,172.59333333333333,28
13162.0,1009,58,436,252.25,5.8402239289418505,1.6638136231997662,1112.85,429.21000000000004,278.21250000000003,60
13183.0,737,43,169,81.88888888888889,5.180419399886277,2.7843128529132257,1126.63,215.6,125.18111111111112,62
17095.0,568,64,375,189.33333333333334,5.969815782426816,1.4297538056670642,1167.06,702.65,389.02,68
12939.0,24,1,24,24.0,0.0,0.0,81.36,81.36,81.36,1
15611.0,235,17,60,21.363636363636363,3.8524975771042,3.054289466574816,675.5500000000001,202.68,61.41363636363637,27
17114.0,173,60,76,21.625,5.654814871579852,2.7027608219606476,416.57,105.44,52.07125,85
16326.0,458,128,87,32.714285714285715,6.840023660733526,3.3635840829535213,1285.02,245.88000000000002,91.78714285714285,183
17128.0,73,11,73,73.0,3.459431618637298,0.0,131.59,131.59,131.59,11
14761.0,118,11,60,59.0,3.459431618637298,0.9456603046006402,255.9,158.4,127.95,11
17555.0,347,100,192,173.5,6.623516641218023,0.9957274520849256,471.81,284.86,235.905,104
12651.0,78,9,78,78.0,3.169925001442312,0.0,114.0,114.0,114.0,9
16735.0,1193,84,436,238.6,6.3013072661764165,2.1437847030753274,1917.7,609.68,383.53999999999996,104
16833.0,430,43,156,107.5,5.41397707318275,1.7001433176227372,1021.53,384.24,255.3825,44
17800.0,534,49,81,59.333333333333336,5.283818069256736,3.0547187219982117,952.36,152.8,105.81777777777778,96
16748.0,880,42,260,176.0,5.249332971051439,2.1966789404928986,1515.9,479.0,303.18,69
13565.0,172,35,94,86.0,5.090032776601483,0.9268190639645772,240.22,130.04,120.10999999999999,38
15799.0,737,84,379,245.66666666666666,6.3739779786073445,1.227023781109526,715.04,346.01,238.34666666666666,87
18032.0,42,5,42,42.0,2.321928094887362,0.0,73.5,73.5,73.5,5
14794.0,649,58,158,108.16666666666667,5.782243907394998,2.4625332160705167,1046.16,271.36,174.36,68
18171.0,308,30,108,61.6,4.829966150010237,2.1512189023742434,652.88,192.75,130.576,34
12524.0,1254,76,309,156.75,6.157333273427099,2.7563671379008747,1719.21,481.63,214.90125,93
16850.0,213,18,213,213.0,4.169925001442313,0.0,317.29,317.29,317.29,18
14321.0,1527,87,420,305.4,6.385944929793701,2.3122906712801097,1178.4,280.44,235.68,97
15326.0,386,29,386,386.0,4.857980995127571,0.0,311.71,311.71,311.71,29
17849.0,22,9,9,7.333333333333333,3.0271691184406193,1.5726236638951638,64.60000000000001,38.300000000000004,21.533333333333335,11
14229.0,339,21,164,113.0,4.254195650150781,1.358433812325649,737.85,294.62,245.95000000000002,29
13107.0,830,47,319,207.5,5.533077191053984,1.7426655019910862,1084.45,430.16999999999996,271.1125,49
16497.0,1329,106,569,221.5,6.6962851571054705,2.1447411534975505,2296.79,1033.79,382.79833333333335,113
16112.0,190,12,150,95.0,3.584962500721156,0.9182958340544896,100.7,64.14,50.35,12
12736.0,48,2,48,48.0,1.0,0.0,93.6,93.6,93.6,2
13473.0,204,17,140,102.0,4.08746284125034,0.9774178175281716,321.86,186.28,160.93,17
14320.0,237,22,147,118.5,4.418295834054489,0.9182958340544896,323.21000000000004,197.93,161.60500000000002,24
12393.0,618,45,264,154.5,5.409705133058606,1.7053010104970536,1193.5,472.0,298.375,58
17742.0,78,7,62,39.0,2.75,0.5435644431995964,200.86,173.82000000000002,100.43,8
16351.0,90,8,90,90.0,3.0,0.0,153.9,153.9,153.9,8
12601.0,202,19,86,40.4,4.165894208390023,2.089244661988271,364.01,126.25999999999999,72.80199999999999,21
13144.0,16,2,16,16.0,1.0,0.0,47.2,47.2,47.2,2
15346.0,144,17,144,144.0,4.08746284125034,0.0,252.42000000000002,252.42000000000002,252.42000000000002,17
15370.0,753,61,240,150.6,5.8186198135562295,2.1828141492660853,1495.2,553.02,299.04,80
16034.0,206,17,92,68.66666666666667,3.975418017913833,1.509968612636817,407.1,146.4,135.70000000000002,21
14669.0,705,146,276,235.0,7.162890436798816,1.581959750980343,1069.77,401.63,356.59,154
18095.0,200,15,188,100.0,3.906890595608518,0.35335933502142136,283.8,258.6,141.9,15
14209.0,402,37,115,67.0,4.933676849016592,2.4895066002200537,1092.25,247.5,182.04166666666666,58
15569.0,53,19,47,26.5,4.247927513443588,0.7424875695421236,59.160000000000004,46.660000000000004,29.580000000000002,19
12728.0,353,30,117,88.25,4.85216872360328,1.9168053775190246,565.33,187.89,141.33249999999998,34
17569.0,118,24,118,118.0,4.584962500721156,0.0,242.6,242.6,242.6,24
13784.0,138,5,48,27.6,2.128085278891395,2.2359263506290326,247.26,61.199999999999996,49.452,7
12724.0,439,46,189,109.75,5.492260864523372,1.7250777404565925,923.41,488.81,230.85250000000002,49
13862.0,1628,95,305,203.5,6.339003650501649,2.904305368344335,2109.91,415.5,263.73875,136
16791.0,725,205,239,103.57142857142857,7.523628240342438,2.446656139371451,1398.88,416.11,199.84,292
16235.0,301,30,136,75.25,4.851409765557392,1.913226537534647,586.8100000000001,234.98,146.7025,32
14270.0,181,22,181,181.0,4.459431618637295,0.0,341.65000000000003,341.65000000000003,341.65000000000003,22
12523.0,771,63,146,70.0909090909091,5.819417931639252,3.3683811756140183,1271.21,180.47,115.56454545454545,79
16655.0,2076,192,724,346.0,7.494479236165032,2.1706759143838936,2721.36,916.11,453.56,231
16359.0,472,31,206,59.0,4.869747126569302,2.7111253347639885,433.81,96.6,54.22625,41
15939.0,609,16,111,55.36363636363637,3.777518266288633,3.340018266288633,821.41,200.5,74.67363636363636,32
14715.0,356,51,117,89.0,5.5506551812150375,1.8680596356149186,687.23,263.9,171.80749999999998,62
14185.0,3,1,3,3.0,0.0,0.0,12.75,12.75,12.75,1
12437.0,2001,103,512,111.16666666666667,6.524948347131746,3.7315731250118516,2760.54,635.5,153.36333333333334,143
12652.0,489,44,489,489.0,5.4594316186372955,0.0,726.83,726.83,726.83,44
14514.0,450,54,281,150.0,5.720049960644812,1.5432372548660886,732.3,367.99,244.1,58
14167.0,142,24,42,35.5,4.258876575099363,1.9347432936797446,512.84,152.84,128.21,45
17048.0,439,36,277,146.33333333333334,5.142664355548852,1.252760079229674,751.1700000000001,488.41,250.39000000000001,38
13284.0,74,9,74,74.0,3.169925001442312,0.0,143.7,143.7,143.7,9
17368.0,296,69,93,49.333333333333336,6.07431823049382,2.340427518513585,512.24,158.67,85.37333333333333,74
12951.0,492,51,171,82.0,5.594309137239127,2.463885809743801,965.62,295.34000000000003,160.9366666666667,60
18190.0,134,11,98,67.0,3.418295834054489,0.9798687566511527,219.16000000000003,131.66000000000003,109.58000000000001,12
15835.0,427,43,148,106.75,5.393127173448314,1.984550967151372,802.09,217.23000000000002,200.5225,46
13993.0,739,48,176,92.375,5.3484993076257705,2.894818077745163,2099.66,427.4,262.4575,80
14114.0,89,11,89,89.0,3.459431618637298,0.0,195.13,195.13,195.13,11
15447.0,83,8,83,83.0,3.0,0.0,129.67,129.67,129.67,8
16315.0,68,10,68,68.0,3.321928094887362,0.0,155.52,155.52,155.52,10
14978.0,422,109,122,84.4,6.604787866574441,2.2307300617480634,1079.27,281.86,215.85399999999998,157
16395.0,1179,142,349,235.8,7.010609701289138,2.255968797854401,1270.64,393.65,254.128,196
13614.0,517,150,248,129.25,7.184504032427626,1.4199960364479867,1060.3600000000001,450.33,265.09000000000003,165
13246.0,617,104,202,102.83333333333333,6.638957562055364,2.305954912355216,802.53,239.67000000000002,133.755,118
15687.0,1198,100,269,133.11111111111111,6.488484856664699,3.013260105359553,2342.58,463.81,260.28666666666663,133
16493.0,700,34,274,175.0,4.969413651789075,1.8640422809049255,1018.59,401.34000000000003,254.6475,45
12672.0,70,8,70,70.0,3.0,0.0,162.29999999999998,162.29999999999998,162.29999999999998,8
13385.0,271,29,271,271.0,4.857980995127571,0.0,403.07,403.07,403.07,29
15626.0,534,43,334,267.0,5.426264754702098,0.9681647320759548,562.56,350.72,281.28000000000003,43
16233.0,160,19,82,80.0,4.247927513443588,0.9494520153879484,373.38,194.28,186.69,19
12553.0,1630,86,316,163.0,6.140064528946788,3.121294352467459,2893.67,517.04,289.367,167
15213.0,270,22,260,135.0,4.418295834054489,0.41381685030363374,325.05,309.9,162.52499999999998,24
18106.0,77,24,77,77.0,4.521640636343317,0.0,196.05,196.05,196.05,28
16206.0,268,48,83,67.0,5.509761693429634,1.8774254660391885,502.71000000000004,161.3,125.6775,59
13782.0,324,87,96,54.0,6.349074434929216,2.430508289801135,763.42,170.06,127.23666666666668,103
12924.0,214,18,75,53.5,3.8634651896016456,1.7582975702780197,640.8100000000001,221.85,160.20250000000001,25
13700.0,1656,136,412,165.6,6.958193400799721,2.8888269930204693,1840.13,376.43,184.013,181
13064.0,387,43,138,96.75,5.25419565015078,1.914100233260958,879.22,303.37,219.805,58
13048.0,1217,76,345,304.25,5.998643361651573,1.9857928067534276,1763.91,470.11,440.9775,132
13634.0,654,138,208,130.8,7.010980387404499,2.240436354934178,1130.31,369.31,226.06199999999998,161
17064.0,300,47,117,100.0,5.440361758939865,1.5786472652851076,681.3000000000001,297.55,227.1,55
17609.0,668,189,313,133.6,7.472181122690884,1.8889244038785322,953.1899999999999,366.0,190.63799999999998,221
15673.0,1258,99,451,314.5,6.52893774732803,1.8761932168146285,2054.26,701.58,513.565,122
14976.0,215,39,67,35.833333333333336,5.048243018531967,2.2992965061200414,600.0600000000001,192.9,100.00999999999999,63
12388.0,1094,54,423,182.33333333333334,5.556534316642937,2.328924745873631,2466.7000000000003,835.19,411.11666666666673,93
13527.0,1367,135,540,195.28571428571428,6.882928360076909,2.4355116573351867,1855.0,404.74,265.0,195
15696.0,970,123,243,121.25,6.869585603385749,2.7077506303769687,2223.76,581.61,277.97,146
12673.0,311,36,174,155.5,5.1699250014423095,0.9977724720899821,504.62,321.82,252.31,36
15296.0,1375,120,443,229.16666666666666,6.760024638383341,2.1916259870609496,2838.77,949.13,473.12833333333333,165
17988.0,36,30,13,5.142857142857143,4.889680181354619,2.1722985375634076,99.92,41.01,14.274285714285714,31
12820.0,674,54,244,168.5,5.720049960644811,1.9392480682393154,923.62,343.76,230.905,58
14238.0,76,6,76,76.0,2.584962500721156,0.0,96.2,96.2,96.2,6
13929.0,87,7,84,43.5,2.8073549220576046,0.5916727785823275,285.45,270.6,142.72500000000002,7
14657.0,452,92,198,113.0,6.377017851110238,1.7833117347138296,707.37,303.63,176.8425,115
18212.0,88,27,88,88.0,4.696131794257844,0.0,175.47,175.47,175.47,31
13859.0,126,25,126,126.0,4.623516641218014,0.0,172.76000000000002,172.76000000000002,172.76000000000002,26
17018.0,126,12,66,63.0,3.5465935642949384,0.9957274520849256,748.5,405.0,374.25,13
14242.0,117,10,68,58.5,3.238901256602631,0.9957274520849256,219.25,116.7,109.625,13
12356.0,548,33,354,274.0,5.044394119358456,0.9993375041688847,1086.56,818.7,543.28,33
13898.0,131,11,131,131.0,3.459431618637298,0.0,138.93,138.93,138.93,11
16948.0,170,11,96,56.666666666666664,3.418295834054489,1.4833557549816874,212.9,98.10000000000001,70.96666666666667,12
12527.0,229,16,112,76.33333333333333,4.0,1.3663146570363986,296.71000000000004,152.4,98.90333333333335,16
15395.0,13,5,13,13.0,2.321928094887362,0.0,74.55000000000001,74.55000000000001,74.55000000000001,5
12510.0,295,28,291,147.5,4.789015477886192,0.21639693245126468,620.05,597.05,310.025,29
14428.0,315,93,148,63.0,6.452835820783991,1.471236784887268,748.59,350.38,149.71800000000002,113
12422.0,364,37,172,121.33333333333333,5.209453365628954,1.5200907086043647,645.3100000000001,297.36,215.10333333333332,37
17708.0,89,27,58,44.5,4.680757755722092,0.8453509366224365,254.82999999999998,156.48,127.41499999999999,33
15606.0,661,45,130,73.44444444444444,5.253524413893479,3.106397806905023,2214.37,480.78000000000003,246.0411111111111,64
13310.0,564,57,228,188.0,5.78125,1.578306427326721,980.08,362.08,326.6933333333333,64
14916.0,899,64,269,224.75,5.96359692054628,1.9688938824824986,1161.57,340.13,290.3925,69
14572.0,1141,179,296,163.0,7.344324231893994,2.3949416846844596,2332.06,600.35,333.15142857142854,243
13502.0,262,16,154,87.33333333333333,3.969815782426811,1.468090781663233,272.1,114.6,90.7,17
14784.0,188,13,132,94.0,3.7004397181410926,0.8904916402194913,231.32000000000002,116.64,115.66,13
15938.0,166,12,48,33.2,3.4565647621309536,2.1492553971685,297.58,92.7,59.516000000000005,15
17418.0,275,25,139,137.5,4.623516641218014,0.9957274520849256,349.76,182.37,174.88,26
14779.0,73,29,47,24.333333333333332,4.840223928941852,1.0529815751302694,187.55,110.85,62.51666666666667,30
16321.0,75,6,36,18.75,2.5216406363433186,1.950212064914747,203.85000000000002,75.0,50.962500000000006,7
15262.0,71,9,71,71.0,3.169925001442312,0.0,161.95000000000002,161.95000000000002,161.95000000000002,9
17862.0,92,7,92,92.0,2.8073549220576046,0.0,260.0,260.0,260.0,7
12402.0,92,10,92,92.0,3.321928094887362,0.0,195.6,195.6,195.6,10
17771.0,283,47,176,141.5,5.523856189774728,0.9580420222262995,213.71,121.76,106.855,50
15422.0,38,6,20,19.0,2.584962500721156,1.0,97.7,55.5,48.85,6
13008.0,175,14,175,175.0,3.8073549220576055,0.0,229.46999999999997,229.46999999999997,229.46999999999997,14
14770.0,431,39,289,215.5,5.259991029008325,0.9474351361840306,622.37,399.87,311.185,41
15174.0,109,10,109,109.0,3.321928094887362,0.0,120.63,120.63,120.63,10
12594.0,1331,45,289,166.375,5.276274968732877,2.74923658640642,2743.43,722.4000000000001,342.92875000000004,104
17504.0,1031,81,498,114.55555555555556,6.284431521274415,2.2428568092660974,1629.65,621.86,181.07222222222222,92
16387.0,44,4,44,44.0,2.0,0.0,94.36,94.36,94.36,4
12664.0,144,8,78,36.0,2.9219280948873623,1.5709505944546687,406.8,154.5,101.7,10
16618.0,936,62,534,234.0,5.896225992744114,1.549464348337667,1561.08,965.0799999999999,390.27,71
17277.0,418,63,352,209.0,5.960829351489996,0.8051250074646821,958.0500000000001,629.62,479.025,65
17094.0,146,13,146,146.0,3.7004397181410926,0.0,254.3,254.3,254.3,13
14692.0,251,51,121,62.75,5.536670255656536,1.9076604601183145,549.05,250.1,137.2625,66
12970.0,224,109,201,56.0,6.7114349809877885,0.9045212482956251,310.05,261.04,77.5125,122
17889.0,72,16,41,36.0,4.0,0.9544340029249649,159.92,91.4,79.96000000000001,16
17714.0,92,10,92,92.0,3.321928094887362,0.0,153.0,153.0,153.0,10
12916.0,708,44,259,177.0,5.195046842968564,1.9199291181409879,1764.0,576.75,441.0,81
17769.0,1644,179,339,164.4,7.253979787876427,2.9708045716590386,3258.63,506.09000000000003,325.863,272
14450.0,241,32,89,80.33333333333333,4.88418371977919,1.5579239420143645,483.25,213.8,161.08333333333334,40
16085.0,483,117,147,96.6,6.719603100230912,2.259574124516434,852.4,265.76,170.48,156
15167.0,62,37,62,62.0,5.209453365628954,0.0,134.4,134.4,134.4,37
14224.0,332,87,92,83.0,6.414866303883112,1.8071782248020125,645.21,197.45,161.3025,92
13742.0,905,168,260,75.41666666666667,7.207846978217491,2.7169081935384316,1886.96,405.5,157.24666666666667,251
17673.0,1064,114,245,177.33333333333334,6.656853286782058,2.515474346601031,1380.35,330.05,230.0583333333333,210
12727.0,1614,98,736,230.57142857142858,6.552188259778786,2.2758705868098144,2446.52,806.26,349.5028571428571,114
14068.0,71,20,71,71.0,4.277613436819114,0.0,248.85000000000002,248.85000000000002,248.85000000000002,22
14744.0,176,16,72,29.333333333333332,3.969815782426811,2.4477979600193267,413.53,202.5,68.92166666666667,17
14368.0,32,6,32,32.0,2.584962500721156,0.0,105.2,105.2,105.2,6
15497.0,182,8,98,91.0,2.94770277922009,0.9910760598382222,495.5,301.7,247.75,9
12559.0,205,16,205,205.0,4.0,0.0,301.41,301.41,301.41,16
13819.0,377,22,184,125.66666666666667,4.403856189774723,1.5754508105601306,624.75,231.6,208.25,25
14501.0,119,8,74,59.5,2.94770277922009,0.9910760598382222,198.71,131.78,99.355,9
14782.0,42,5,42,42.0,2.321928094887362,0.0,110.10000000000001,110.10000000000001,110.10000000000001,5
17861.0,1602,153,417,200.25,7.15056992579063,2.3196125061190966,1564.84,425.57,195.60500000000002,193
18161.0,719,45,210,143.8,5.2298405367333745,2.1992109557095345,1275.42,424.06,255.084,69
15820.0,56,16,56,56.0,4.0,0.0,116.97999999999999,116.97999999999999,116.97999999999999,16
18136.0,371,32,175,123.66666666666667,4.947702779220088,1.472637233625176,744.83,289.36,248.27666666666667,36
16660.0,131,9,95,65.5,3.169925001442312,0.7642045065086203,205.97,168.17000000000002,102.98500000000001,9
12693.0,215,28,81,53.75,4.807354922057602,1.828780264334116,461.51,172.95,115.3775,28
13396.0,410,29,284,205.0,4.840223928941852,0.9480782435939054,913.74,622.32,456.87,30
15179.0,993,73,382,248.25,6.175485357162557,1.5769184261481093,1529.54,761.4,382.385,75
12935.0,1535,70,317,219.28571428571428,5.923690536166986,2.611575081989617,1847.3,374.9,263.9,114
16730.0,672,71,255,224.0,6.122152023829223,1.3374611992553151,627.87,272.92,209.29,75
14541.0,607,69,225,75.875,5.902529998706979,2.2541855067370298,1372.05,307.91,171.50625,102
18288.0,1126,84,309,160.85714285714286,6.341443613642204,2.414114305767282,2472.14,764.12,353.1628571428572,92
13551.0,9,3,9,9.0,1.584962500721156,0.0,53.550000000000004,53.550000000000004,53.550000000000004,3
15052.0,77,26,77,77.0,4.6808134280893965,0.0,127.83,127.83,127.83,27
14130.0,200,58,200,200.0,5.85798099512757,0.0,360.46,360.46,360.46,58
13615.0,179,20,179,179.0,4.321928094887363,0.0,368.19,368.19,368.19,20
13158.0,748,58,265,187.0,5.743547571343146,1.991170952177334,1193.5,332.89,298.375,78
14409.0,541,30,262,135.25,4.693479289485192,1.9214705860944377,875.4200000000001,354.0,218.855,43
15218.0,1289,64,226,128.9,5.699985844860759,3.061373963889362,3102.65,527.14,310.265,127
15110.0,220,13,61,55.0,3.5630741894285696,1.9869608142719164,606.0,201.8,151.5,25
15967.0,200,68,143,100.0,6.042152023829221,0.9709505944546686,352.28,215.33,176.14,75
16757.0,81,7,81,81.0,2.8073549220576046,0.0,106.83000000000001,106.83000000000001,106.83000000000001,7
18008.0,57,12,20,14.25,3.5465935642949384,1.5465935642949382,71.53,35.05,17.8825,13
16222.0,309,106,309,309.0,6.71785046512642,0.0,620.7,620.7,620.7,108
14341.0,1188,97,458,148.5,6.4887983117387025,2.606783556150405,1858.47,673.1,232.30875,115
13168.0,646,90,340,161.5,6.378953690738388,1.6385111105394654,1089.24,498.78,272.31,110
16943.0,106,14,78,35.333333333333336,3.6292196865240967,1.292727214755173,431.18,263.78000000000003,143.72666666666666,22
17515.0,222,37,86,55.5,5.0373017372529425,1.9262025893247394,403.17,143.43,100.7925,72
17082.0,866,63,562,433.0,5.934611413299904,0.868533960265235,1408.1,1100.66,704.0500000000001,69
14248.0,78,7,78,78.0,2.8073549220576046,0.0,98.58,98.58,98.58,7
12609.0,533,49,221,177.66666666666666,5.603856189774728,1.5775765559836066,846.11,304.06,282.0366666666667,50
13002.0,72,6,72,72.0,2.584962500721156,0.0,110.99999999999999,110.99999999999999,110.99999999999999,6
13049.0,168,11,90,84.0,3.459431618637298,0.9456603046006402,433.68,279.9,216.83999999999997,11
13405.0,144,18,108,48.0,4.169925001442313,1.134969974603941,363.351,228.8,121.117,18
16043.0,377,26,161,94.25,4.631615665225586,1.8068533615063314,598.74,250.55,149.685,31
15812.0,234,24,141,58.5,4.5465935642949376,0.969918434275037,506.38000000000005,180.16,126.595,26
13837.0,146,16,121,73.0,3.969815782426811,0.9774178175281716,221.59,157.54000000000002,110.79500000000002,17
17118.0,154,10,154,154.0,3.321928094887362,0.0,157.02,157.02,157.02,10
14233.0,395,28,261,98.75,4.760647923290102,1.77614773312812,901.71,488.41,225.4275,31
17075.0,267,51,91,66.75,5.581954882778696,1.9568030882943972,612.12,245.99,153.03,64
15661.0,36,3,36,36.0,1.584962500721156,0.0,19.8,19.8,19.8,3
17027.0,404,102,128,67.33333333333333,6.505824356122517,2.1230576531056724,784.51,219.93,130.75166666666667,140
17786.0,156,54,107,78.0,5.675704882778696,0.9283620723948678,226.78,148.38,113.39,64
12591.0,220,22,220,220.0,4.459431618637295,0.0,323.1,323.1,323.1,22
16124.0,36,7,36,36.0,2.8073549220576046,0.0,102.4,102.4,102.4,7
16409.0,1090,132,359,218.0,6.820254638780108,2.2012919266883677,1737.14,543.03,347.428,211
13754.0,90,7,78,45.0,2.75,0.5435644431995964,129.6,112.2,64.8,8
15227.0,528,34,171,105.6,4.924969207344632,2.1525007447844633,891.78,284.33,178.356,45
12997.0,461,40,176,115.25,5.2114493614945,1.936208910593071,851.14,279.57,212.78500000000003,51
16882.0,405,34,308,135.0,5.087462841250338,1.0827203878670804,529.47,353.52,176.49,34
16496.0,928,77,350,309.3333333333333,6.2531478367847,1.538420475515106,1222.33,540.58,407.4433333333333,79
17311.0,458,39,316,229.0,5.285402218862247,0.9418285354475157,727.84,482.54,363.92,39
15910.0,1005,209,212,125.625,7.594861521218794,2.9554529906663336,1154.23,243.76,144.27875,259
16949.0,661,49,195,110.16666666666667,5.58505510275648,2.444301983082572,674.72,230.73000000000002,112.45333333333333,52
14970.0,235,19,75,58.75,4.047299098426644,1.8636785024022355,1465.51,405.0,366.3775,29
12645.0,884,55,300,221.0,5.711329328227484,1.9507492169784013,1386.38,432.76000000000005,346.595,63
12468.0,319,32,197,159.5,4.9837880587523955,0.884963636383153,570.49,424.15000000000003,285.245,33
14738.0,522,34,139,74.57142857142857,4.928508854797681,2.6566010449922435,1150.14,238.01000000000002,164.3057142857143,48
17540.0,190,19,126,95.0,4.16829583405449,0.9182958340544896,544.9,276.1,272.45000000000005,24
14239.0,948,72,176,86.18181818181819,6.032807713503011,3.243472543338553,1985.6000000000001,315.65,180.50909090909093,95
18125.0,663,158,252,165.75,7.215155249245191,1.892578395559427,1022.42,448.64,255.605,186
13328.0,152,8,152,152.0,3.0,0.0,235.68,235.68,235.68,8
15549.0,599,90,360,199.66666666666666,6.4475384382614385,1.357293802905103,1146.51,681.0,382.17,99
15864.0,85,8,46,28.333333333333332,2.94770277922009,1.5304930567574826,329.85,195.70000000000002,109.95,9
14662.0,499,130,221,124.75,6.959753734036147,1.7525517901433603,611.8,250.08,152.95,144
17180.0,565,84,172,141.25,6.241741856150618,1.7606444184361596,658.16,223.7,164.54,117
15057.0,332,16,296,166.0,4.0,0.5435644431995964,807.0,717.6,403.5,16
12574.0,57,9,57,57.0,3.169925001442312,0.0,162.55,162.55,162.55,9
13330.0,566,33,278,188.66666666666666,4.8945984259615996,1.488367621231427,961.38,388.08,320.46,47
13552.0,902,64,174,75.16666666666667,5.887492001110315,3.3185226823857916,2165.56,363.02,180.46333333333334,80
12853.0,494,50,214,98.8,5.574032338688185,2.087780973891541,1151.8,496.5,230.35999999999999,57
13538.0,103,6,50,20.6,2.2998963911678914,2.0403733936884967,699.45,337.5,139.89000000000001,11
14659.0,1162,135,309,129.11111111111111,6.880848907325848,3.047091923728984,2269.18,498.27,252.1311111111111,231
13141.0,1443,108,510,288.6,6.6642901430033685,2.187131784772351,2257.58,947.4000000000001,451.51599999999996,129
15365.0,745,58,311,106.42857142857143,5.781036112553423,2.307508984934252,1425.47,677.77,203.63857142857142,72
13707.0,290,40,174,145.0,5.3219280948873635,0.9097361225311662,581.36,429.76,290.68,40
17329.0,135,24,72,67.5,4.521640636343317,0.9852281360342516,466.56,255.0,233.28,28
14532.0,193,25,165,64.33333333333333,4.643856189774723,0.9510456605801272,200.4,123.6,66.8,25
14805.0,85,23,33,21.25,4.450212064914748,1.788703141426173,296.45,140.3,74.11250000000001,28
16897.0,48,20,48,48.0,4.321928094887363,0.0,122.88000000000001,122.88000000000001,122.88000000000001,20
15579.0,103,35,58,51.5,5.101345257520846,0.9994730201859836,209.85,110.85,104.925,37
14595.0,887,85,622,147.83333333333334,6.363182744076987,1.6038137217887654,1524.96,1010.84,254.16,92
13161.0,27,6,27,27.0,2.584962500721156,0.0,95.75,95.75,95.75,6
15415.0,417,41,417,417.0,5.344698375159715,0.0,465.09000000000003,465.09000000000003,465.09000000000003,42
17431.0,254,39,254,254.0,5.259991029008325,0.0,357.4,357.4,357.4,41
17463.0,1058,153,399,211.6,7.157776566358158,1.8413013971585417,1626.26,601.01,325.252,194
12528.0,683,38,265,113.83333333333333,5.042433003725893,2.3220325234894963,1110.43,351.38,185.0716666666667,62
15448.0,224,24,224,224.0,4.584962500721156,0.0,405.04,405.04,405.04,24
17314.0,1305,109,588,163.125,6.730783689074424,2.3639246570219945,2024.3400000000001,649.02,253.0425,116
17373.0,405,46,118,101.25,5.387537511266055,1.9651023214150654,623.07,213.4,155.7675,56
14467.0,270,62,89,67.5,5.841730244521743,1.9367838819613505,530.01,160.20000000000002,132.5025,83
14776.0,1236,33,236,112.36363636363636,4.853538599679544,3.0989952563773824,1054.26,177.84,95.84181818181818,73
16403.0,103,10,103,103.0,3.321928094887362,0.0,161.05,161.05,161.05,10
16407.0,931,88,203,103.44444444444444,6.254298253797707,2.880784937801918,1638.98,345.11,182.10888888888888,150
17619.0,122,70,122,122.0,6.107632778058109,0.0,198.47,198.47,198.47,73
12778.0,535,31,163,89.16666666666667,4.900711588373535,2.507894275177697,492.49,130.53,82.08166666666666,35
17256.0,95,12,68,47.5,3.4565647621309536,0.7219280948873623,150.29999999999998,127.89999999999999,75.14999999999999,15
17604.0,129,54,79,64.5,5.706890595608517,0.9798687566511527,266.02,162.68,133.01,60
14006.0,296,17,110,98.66666666666667,4.003856189774724,1.516147658077609,503.6,196.7,167.86666666666667,25
13600.0,64,10,64,64.0,3.321928094887362,0.0,66.52,66.52,66.52,10
15058.0,1000,182,137,90.9090909090909,7.339072110456024,3.2753025901771533,1836.89,221.95000000000002,166.99,245
17147.0,754,61,255,188.5,5.825528105298285,1.9482789675252865,1266.32,421.81,316.58,71
13881.0,962,41,226,74.0,5.184440652839,3.2113958822896476,2970.56,465.2,228.5046153846154,70
16612.0,488,41,193,122.0,5.153498133960925,1.9276278647353442,1036.76,397.15,259.19,59
17356.0,166,19,166,166.0,4.247927513443588,0.0,178.22,178.22,178.22,19
12836.0,910,120,412,227.5,6.8410674368067514,1.8645528450395559,1620.1200000000001,484.0,405.03000000000003,136
13939.0,589,36,287,196.33333333333334,5.142664355548852,1.5090275125326515,454.57,172.7,151.52333333333334,38
13494.0,114,17,114,114.0,4.08746284125034,0.0,296.1,296.1,296.1,17
13802.0,532,32,290,177.33333333333334,4.9837880587523955,1.336894963623501,1068.52,447.74,356.17333333333335,33
12929.0,33,5,33,33.0,2.321928094887362,0.0,70.95,70.95,70.95,5
16419.0,281,28,95,46.833333333333336,4.614858771034358,2.21302035372035,522.09,220.01000000000002,87.015,37
17035.0,163,19,113,81.5,4.221928094887362,0.934068055375491,311.83,191.60999999999999,155.915,20
15203.0,1523,78,449,253.83333333333334,6.088515568188271,2.522463295557988,1757.4,480.96,292.90000000000003,137
16515.0,649,81,152,129.8,6.183461587256527,2.2790562530618432,1367.54,317.53000000000003,273.508,102
12373.0,166,12,166,166.0,3.584962500721156,0.0,299.1,299.1,299.1,12
18202.0,547,43,272,182.33333333333334,5.350561963997159,1.4762911618692924,1058.99,488.64,352.99666666666667,53
12775.0,684,37,256,136.8,5.088779347361359,2.2864838748515472,917.34,300.4,183.468,46
14549.0,94,50,94,94.0,5.643856189774728,0.0,224.98000000000002,224.98000000000002,224.98000000000002,50
15981.0,1306,47,244,163.25,5.321919768037867,2.82769465962158,2328.48,438.8,291.06,84
17376.0,84,21,50,42.0,4.368522527728205,0.9940302114769565,185.0,95.9,92.5,22
13110.0,332,86,61,47.42857142857143,6.294048732501769,2.6083273008514305,971.22,190.91000000000003,138.74571428571429,104
12676.0,616,32,201,102.66666666666667,4.892407118592879,2.5242444638023347,1031.39,409.5,171.89833333333334,38
14665.0,448,49,232,112.0,5.603856189774728,1.627583292571726,964.28,510.62,241.07,50
14457.0,52,3,52,52.0,1.584962500721156,0.0,68.64,68.64,68.64,3
15589.0,237,24,125,79.0,4.5638561897747225,1.2022921890824148,413.73,198.78,137.91,25
14411.0,108,7,108,108.0,2.8073549220576046,0.0,539.4000000000001,539.4000000000001,539.4000000000001,7
17560.0,131,12,51,32.75,3.5465935642949384,1.4885252948977485,294.67,190.37,73.6675,13
15226.0,69,7,69,69.0,2.8073549220576046,0.0,128.91,128.91,128.91,7
16156.0,1166,98,224,129.55555555555554,6.52388713735029,2.9379303664715697,2610.29,573.66,290.03222222222223,116
13728.0,388,23,94,64.66666666666667,4.423251796980336,2.4547012441673464,437.44,136.62,72.90666666666667,28
14127.0,295,29,155,98.33333333333333,4.825164052322361,1.3317607101149556,503.01,266.93,167.67,31
16378.0,267,22,116,89.0,4.436605434317882,1.4281945908435036,362.95,144.2,120.98333333333333,23
13894.0,236,23,137,118.0,4.523561956057013,0.9656361333706098,409.40000000000003,258.45,204.7,23
13824.0,504,29,136,100.8,4.715311532225103,2.1136361253912246,1171.86,322.6,234.372,40
18250.0,157,17,157,157.0,4.08746284125034,0.0,264.27,264.27,264.27,17
15270.0,310,16,85,51.666666666666664,3.8868421881310122,2.2177648376739314,827.3000000000001,253.55,137.88333333333335,24
14188.0,1017,32,219,169.5,4.682152855746408,2.5716052732855808,1732.6100000000001,364.0,288.7683333333334,59
15421.0,442,37,177,110.5,5.078696323574588,1.7257060727720595,856.94,358.40000000000003,214.235,49
17446.0,198,6,102,99.0,2.5032583347756456,0.9910760598382222,120.9,68.10000000000001,60.45,9
12414.0,165,12,64,55.0,3.584962500721156,1.5545851693377997,343.65,142.8,114.55,12
14798.0,150,11,76,50.0,3.418295834054489,1.4591479170272446,173.74,76.34,57.913333333333334,12
12990.0,170,8,80,56.666666666666664,2.8553885422075336,1.4591479170272448,351.0,166.4,117.0,12
12350.0,196,16,196,196.0,4.0,0.0,294.4,294.4,294.4,16
16405.0,19,3,16,9.5,1.5,0.8112781244591328,74.85,68.0,37.425,4
17071.0,1045,88,272,116.11111111111111,6.353321550891631,3.0090766662756128,1792.53,346.36,199.17000000000002,113
13873.0,131,17,74,43.666666666666664,4.0374011976541135,1.5243166733459839,316.15000000000003,159.20000000000002,105.38333333333334,19
17362.0,190,29,114,95.0,4.793345194191515,0.9366673818775626,276.28,150.0,138.14,34
12502.0,606,72,148,121.2,6.0736212885028005,2.231990014286052,1511.32,390.15000000000003,302.264,91
16030.0,246,26,246,246.0,4.680813428089397,0.0,312.85,312.85,312.85,27
14044.0,297,158,102,74.25,7.20180389183521,1.9037269896787292,532.12,167.08,133.03,199
13800.0,325,31,325,325.0,4.954196310386877,0.0,486.62,486.62,486.62,31
12464.0,30,1,12,7.5,0.0,2.0,76.5,30.599999999999998,19.125,4
13581.0,23,7,23,23.0,2.8073549220576046,0.0,56.95,56.95,56.95,7
14540.0,399,57,171,133.0,5.774821391719547,1.2993526581462378,836.51,371.03,278.83666666666664,63
16997.0,60,5,40,30.0,2.321928094887362,0.7219280948873623,117.0,78.0,58.5,5
14497.0,220,21,220,220.0,4.39231742277876,0.0,335.52,335.52,335.52,21
17507.0,356,76,220,178.0,6.197626230255352,0.9999001572094884,574.73,319.66,287.365,85
13208.0,737,114,175,122.83333333333333,6.743676903734424,2.3126864659438247,1051.55,291.2,175.25833333333333,136
17334.0,156,9,131,78.0,3.169925001442312,0.5032583347756457,215.4,204.9,107.7,9
16938.0,932,201,582,233.0,7.594621873014484,0.819685107157307,1712.49,1109.51,428.12249999999995,223
12754.0,49,49,37,24.5,5.614709844115208,0.8030909760146978,61.62,45.57,30.810000000000002,49
12410.0,176,14,176,176.0,3.8073549220576055,0.0,270.48,270.48,270.48,14
17929.0,36,2,36,36.0,1.0,0.0,196.20000000000002,196.20000000000002,196.20000000000002,2
14778.0,302,32,161,151.0,4.9837880587523955,0.9940302114769565,691.0600000000001,357.01,345.53,33
17517.0,100,10,100,100.0,3.321928094887362,0.0,128.44,128.44,128.44,10
17226.0,152,16,152,152.0,4.0,0.0,148.99,148.99,148.99,16
13725.0,580,74,162,82.85714285714286,6.167642931694023,2.519007833766828,1128.22,464.6,161.17428571428573,79
13309.0,1333,77,437,266.6,6.121209564709831,2.212120736485315,1389.78,384.41,277.956,100
12842.0,378,27,230,189.0,4.754887502163471,0.975119064940866,582.3100000000001,427.78000000000003,291.15500000000003,27
16109.0,192,11,168,96.0,3.459431618637298,0.4394969869215134,208.32,147.12,104.16,11
15090.0,160,17,160,160.0,4.08746284125034,0.0,263.12,263.12,263.12,17
15199.0,86,3,41,21.5,1.4056390622295662,2.0,418.70000000000005,173.45,104.67500000000001,8
13911.0,1363,106,285,170.375,6.649831578509962,2.8507465128787937,1872.71,429.77,234.08875,123
14842.0,1083,111,565,270.75,6.716682324168044,1.4081288644961742,2199.0,1128.33,549.75,128
13584.0,30,18,30,30.0,4.169925001442313,0.0,75.75,75.75,75.75,18
17105.0,582,72,332,291.0,6.113649565593698,0.9649567669505688,560.98,323.68,280.49,82
14438.0,82,9,82,82.0,3.169925001442312,0.0,131.9,131.9,131.9,9
12956.0,31,16,31,31.0,4.0,0.0,74.67,74.67,74.67,16
15781.0,169,15,114,56.333333333333336,3.906890595608518,1.3382689280764644,243.01,134.16,81.00333333333333,15
14600.0,107,15,107,107.0,3.906890595608518,0.0,236.43,236.43,236.43,15
17302.0,565,64,186,113.0,5.905289857076016,2.2391449335701927,1041.53,305.62,208.30599999999998,75
13955.0,147,29,106,73.5,4.857980995127571,0.9293636260137187,239.31,154.1,119.655,29
17162.0,953,64,280,95.3,5.9240339127340675,2.8276943684952687,1293.26,291.51,129.326,79
17774.0,406,112,127,101.5,6.689869112496882,1.934309675758104,985.74,311.01,246.435,138
13809.0,20,4,20,20.0,1.9219280948873623,0.0,60.300000000000004,60.300000000000004,60.300000000000004,5
15407.0,486,129,216,121.5,6.991462324786138,1.4444585113530173,652.74,242.31,163.185,134
15577.0,84,34,51,28.0,5.087462841250338,1.3361474085378189,209.53,140.95,69.84333333333333,34
16332.0,713,112,226,101.85714285714286,6.709055767036549,2.674942499442656,1221.9,373.12,174.55714285714288,132
14475.0,380,29,166,126.66666666666667,4.764857659740294,1.576581665706061,676.38,269.74,225.46,35
17859.0,66,22,66,66.0,4.459431618637295,0.0,118.52000000000001,118.52000000000001,118.52000000000001,22
12576.0,912,67,254,182.4,5.938115786690419,2.2609826467394614,1216.46,360.56,243.292,83
12599.0,816,31,214,116.57142857142857,4.733811593016277,2.577511984697776,764.38,165.86,109.19714285714285,52
13133.0,29,5,18,14.5,2.321928094887362,0.9709505944546686,79.95,52.35,39.975,5
17881.0,32,8,32,32.0,3.0,0.0,133.35000000000002,133.35000000000002,133.35000000000002,8
15843.0,24,5,24,24.0,2.321928094887362,0.0,80.70000000000002,80.70000000000002,80.70000000000002,5
17083.0,666,23,336,222.0,4.436943638635492,1.549243343982017,1219.0,646.36,406.3333333333333,47
15970.0,116,11,116,116.0,3.459431618637298,0.0,314.1,314.1,314.1,11
13590.0,956,63,248,159.33333333333334,5.895889519994072,2.509136182471713,1411.7,425.8,235.28333333333333,76
17537.0,458,67,320,229.0,6.066089190457767,0.569190343735683,777.16,570.0,388.58,67
12401.0,7,2,7,7.0,1.0,0.0,32.85,32.85,32.85,2
12462.0,386,38,255,193.0,5.186704345910022,0.9023932827949789,612.12,421.37,306.06,44
17843.0,110,33,110,110.0,5.028639311838574,0.0,178.63,178.63,178.63,34
13706.0,187,19,187,187.0,4.247927513443588,0.0,290.89,290.89,290.89,19
14431.0,111,13,111,111.0,3.7004397181410926,0.0,294.81,294.81,294.81,13
15809.0,188,17,106,62.666666666666664,4.058813890331201,1.3516441151533924,252.54,150.6,84.17999999999999,18
12561.0,173,14,173,173.0,3.8073549220576055,0.0,207.05,207.05,207.05,14
14465.0,299,101,123,99.66666666666667,6.610926350629024,1.1844225716295993,486.59000000000003,216.88,162.1966666666667,112
18093.0,244,14,196,122.0,3.8073549220576055,0.5916727785823275,398.59999999999997,338.59999999999997,199.29999999999998,14
12857.0,314,32,252,157.0,4.926427859887889,0.8212809417449864,831.15,593.2,415.57500000000005,39
16425.0,181,13,181,181.0,3.7004397181410926,0.0,157.4,157.4,157.4,13
16842.0,658,38,359,219.33333333333334,5.0784185204416,1.5175287893989997,931.74,406.12,310.58,54
15796.0,787,61,129,98.375,5.684666883842855,2.94068198109717,2044.26,354.15000000000003,255.53250000000003,113
14555.0,86,17,54,43.0,4.058813890331201,0.8524051786494786,251.7,126.2,125.85,18
15133.0,286,21,136,95.33333333333333,4.39231742277876,1.509968612636817,584.1800000000001,316.2,194.7266666666667,21
17705.0,923,57,168,102.55555555555556,5.565691650520437,3.0570214321549685,1489.22,379.6,165.4688888888889,89
12897.0,30,2,24,15.0,1.0,1.0,100.50000000000001,70.80000000000001,50.25000000000001,2
17512.0,1034,55,261,129.25,5.615853374640776,2.6398109893417145,1697.66,485.71000000000004,212.2075,89
15550.0,286,39,96,71.5,5.1082769860945865,1.9651844970714512,474.38,137.89999999999998,118.595,55
18159.0,113,16,113,113.0,4.0,0.0,257.25,257.25,257.25,16
13875.0,1173,72,282,234.6,6.016948698502609,2.2726999634998353,1477.82,358.7,295.564,96
15406.0,172,40,121,86.0,5.308771516813203,0.6006085754131871,275.54,169.99,137.77,41
17282.0,191,69,183,95.5,6.093409091335664,0.10679203237584187,355.25,342.05,177.625,71
16434.0,697,77,199,99.57142857142857,6.1869557196869245,2.624544859152369,1192.4,343.6,170.34285714285716,93
17050.0,1371,148,327,228.5,6.926816558615781,2.4352142478156757,2640.84,700.57,440.14000000000004,278
13171.0,215,31,112,71.66666666666667,4.855789718806774,1.485731248103231,261.51,112.32,87.17,39
17472.0,450,137,164,150.0,6.992479732088961,1.5793580643005436,656.14,248.71,218.71333333333334,169
17255.0,182,65,111,91.0,5.986425874087828,1.0,253.45,161.09,126.725,70
16084.0,212,35,212,212.0,5.129283016944964,0.0,397.58,397.58,397.58,35
17667.0,943,73,470,188.6,6.038562939644925,1.9932803239633834,1708.07,805.2,341.61400000000003,100
12507.0,179,11,157,59.666666666666664,3.334679141051595,0.7732283485249176,347.5,300.75,115.83333333333333,13
14631.0,426,33,198,142.0,5.01499730265925,1.5620874760752193,722.9200000000001,347.74,240.97333333333333,35
13381.0,1707,67,316,284.5,5.809256937262962,2.563726078377591,3033.25,595.24,505.5416666666667,147
15236.0,269,15,269,269.0,3.906890595608518,0.0,321.05,321.05,321.05,15
13475.0,914,53,322,228.5,5.632072647643222,1.8684737006864824,1115.66,425.58,278.91499999999996,71
17829.0,350,27,350,350.0,4.754887502163471,0.0,765.34,765.34,765.34,27
13717.0,1080,76,243,180.0,6.212492001110313,2.550524635038264,1088.32,270.33,181.38666666666666,80
13157.0,990,61,475,247.5,5.78069363180771,1.728714400108249,1428.33,741.94,357.0825,76
14644.0,190,20,124,95.0,4.321928094887363,0.9709505944546686,374.52000000000004,187.50000000000003,187.26000000000002,20
12993.0,240,26,112,60.0,4.6808134280893965,1.8002787054665297,414.76,197.1,103.69,27
12989.0,339,32,72,33.9,4.793942707918268,2.252007782600493,1216.03,284.15999999999997,121.603,40
17571.0,745,220,363,248.33333333333334,7.733925685612762,1.1508524155522728,1017.81,581.07,339.27000000000004,242
16979.0,468,50,152,78.0,5.5184464668413264,2.2884527133996238,1137.33,340.01,189.55499999999998,65
16738.0,3,1,3,3.0,0.0,0.0,3.75,3.75,3.75,1
15122.0,679,55,289,226.33333333333334,5.691786956746811,1.5602528989161155,1264.63,583.47,421.54333333333335,69
17348.0,939,168,368,187.8,7.301209564709835,2.291261443958992,987.76,402.65999999999997,197.552,200
13893.0,46,9,46,46.0,3.169925001442312,0.0,195.70000000000002,195.70000000000002,195.70000000000002,9
14035.0,493,37,137,98.6,5.076725395303503,1.9438271379774563,876.07,234.0,175.214,55
14346.0,554,47,461,277.0,5.515562596873461,0.7871265862012691,799.46,629.27,399.73,51
16431.0,370,50,175,123.33333333333333,5.496549480464582,1.5686909939963152,547.68,269.59,182.55999999999997,74
12616.0,243,20,162,121.5,4.243856189774723,0.9426831892554922,368.54999999999995,230.79999999999998,184.27499999999998,25
16317.0,726,58,374,242.0,5.8323766818251785,1.5253874232579387,1055.63,479.96,351.8766666666667,61
14760.0,28,3,28,28.0,1.584962500721156,0.0,53.8,53.8,53.8,3
14897.0,394,30,156,98.5,4.8625759375402735,1.7767488490012635,672.58,276.12,168.145,33
13750.0,90,10,42,30.0,3.321928094887362,1.4854752972273344,243.68,114.06,81.22666666666667,10
16509.0,46,6,46,46.0,2.584962500721156,0.0,169.50000000000003,169.50000000000003,169.50000000000003,6
14386.0,48,5,48,48.0,2.321928094887362,0.0,93.6,93.6,93.6,5
12455.0,796,65,322,159.2,6.014091089055431,2.144318716426489,1201.8600000000001,545.9,240.372,66
14530.0,915,113,215,152.5,6.59596600329919,2.551458792907944,1982.45,441.85,330.40833333333336,171
15670.0,89,11,89,89.0,3.459431618637298,0.0,157.15,157.15,157.15,11
12653.0,487,27,361,243.5,4.706890595608519,0.9182958340544896,752.81,570.11,376.405,30
12352.0,437,49,119,62.42857142857143,5.51807059166138,2.5069199085302407,1010.61,228.4,144.37285714285716,59
12372.0,670,32,362,223.33333333333334,4.862507470762514,1.5259124518146108,938.34,447.9,312.78,44
16494.0,543,44,543,543.0,5.410867840993311,0.0,723.93,723.93,723.93,47
14959.0,456,36,172,114.0,5.021229268436839,1.7736575461161235,607.04,189.64,151.76,57
17422.0,1371,84,470,228.5,6.312083307636564,2.506459819668797,1483.61,334.82,247.26833333333332,102
17175.0,582,36,298,145.5,4.998562939644918,1.7364675198096844,968.98,475.98,242.245,50
18257.0,892,84,258,127.42857142857143,6.288252468846787,2.506948534665825,1948.66,538.7,278.38,103
13718.0,68,6,36,34.0,2.5,1.0,242.4,167.0,121.2,8
14754.0,483,36,313,241.5,5.131556065016093,0.9182958340544896,608.3,409.78,304.15,39
12500.0,214,24,71,30.571428571428573,4.584962500721156,2.459147917027245,474.74,149.64000000000001,67.82000000000001,24
13151.0,287,51,287,287.0,5.661978179679557,0.0,765.77,765.77,765.77,52
12654.0,257,28,76,51.4,4.75,2.19919834670499,499.33,148.6,99.866,32
13085.0,96,8,60,48.0,2.9139770731827523,0.9940302114769565,174.78,102.60000000000001,87.39000000000001,11
15903.0,1247,32,383,178.14285714285714,4.850008661865447,2.5246522805775213,2050.02,678.0,292.86,53
15785.0,901,45,322,180.2,5.327819531114784,1.9188562460795544,1114.84,396.49,222.96800000000002,64
18138.0,28,4,28,28.0,2.0,0.0,67.80000000000001,67.80000000000001,67.80000000000001,4
14379.0,291,38,164,145.5,5.163966707392707,0.9389320105807949,340.15000000000003,237.12,170.075,45
14211.0,962,76,255,106.88888888888889,6.109508058356779,2.9691368820144355,1743.7,353.73,193.74444444444444,98
14371.0,34,4,34,34.0,2.0,0.0,100.5,100.5,100.5,4
13425.0,730,54,278,243.33333333333334,5.67229262068748,1.5755109918261438,1057.45,396.64,352.48333333333335,65
12852.0,141,15,141,141.0,3.906890595608518,0.0,252.35,252.35,252.35,15
15228.0,1148,88,452,287.0,6.383113822321235,1.861667988234477,2327.8,854.34,581.95,102
13489.0,128,11,64,42.666666666666664,3.459431618637298,1.3221793455166668,175.44,77.28,58.48,11
13904.0,332,24,223,166.0,4.5465935642949376,0.930586129131993,332.64,201.12,166.32,26
15755.0,1235,111,396,205.83333333333334,6.738034263756941,2.4931222913877593,2033.46,543.09,338.91,122
13932.0,60,10,60,60.0,3.321928094887362,0.0,195.8,195.8,195.8,10
14101.0,2,2,2,2.0,1.0,0.0,2.95,2.95,2.95,2
13799.0,398,30,214,199.0,4.831074987250574,0.9740248644357521,649.06,327.26,324.53,37
13951.0,293,32,171,97.66666666666667,5.0,1.3663146570363986,504.09000000000003,270.59,168.02999999999997,32
16566.0,143,11,60,28.6,3.418295834054489,2.054585169337799,286.63,108.25,57.326,12
16466.0,661,94,129,94.42857142857143,6.320230667514419,2.761569205271665,1368.42,237.72000000000003,195.48857142857145,135
16115.0,978,161,211,122.25,7.068278149843572,2.929686747047326,1512.38,334.39,189.0475,268
14162.0,89,21,60,44.5,4.39231742277876,0.9983636725938131,198.11,111.38,99.055,21
13301.0,300,70,94,75.0,6.0954853571625565,1.9830001741791068,507.74,153.86,126.935,75
14803.0,208,33,105,69.33333333333333,4.964904158123496,1.2674438038072338,279.45,164.0,93.14999999999999,38
13744.0,852,46,602,426.0,5.4696704873718645,0.8667256130949591,916.26,687.06,458.13,52
12988.0,105,60,105,105.0,5.841067436806764,0.0,301.17,301.17,301.17,68
17323.0,754,125,164,107.71428571428571,6.795386037884975,2.5660466697814694,894.4399999999999,209.72,127.77714285714285,194
12707.0,238,29,238,238.0,4.857980995127571,0.0,417.52000000000004,417.52000000000004,417.52000000000004,29
18094.0,826,31,252,137.66666666666666,4.782122224145306,2.3945747685185665,1705.46,417.36,284.24333333333334,54
15129.0,858,45,200,85.8,5.308364648336088,3.080275263872125,1583.27,270.45,158.327,64
17361.0,152,21,93,50.666666666666664,4.334962500721157,1.206908425151817,430.85,211.53,143.61666666666667,24
18155.0,210,19,103,70.0,4.16829583405449,1.5156546557441943,327.66,144.13,109.21999999999998,24
13477.0,836,50,299,139.33333333333334,5.47536248107615,2.365666996113754,1244.79,450.15,207.465,70
15065.0,1229,119,473,307.25,6.873551149096539,1.8599218684915515,2221.86,1023.3,555.4649999999999,124
16980.0,512,66,362,256.0,5.984769618706749,0.4854607607459134,738.51,625.11,369.255,76
12365.0,172,20,172,172.0,4.321928094887363,0.0,307.94,307.94,307.94,20
13410.0,261,13,101,65.25,3.5351745656359026,1.91337187939924,574.1899999999999,184.98999999999998,143.54749999999999,21
13044.0,414,28,414,414.0,4.807354922057602,0.0,391.72,391.72,391.72,28
16441.0,171,20,110,85.5,4.277613436819114,0.976020648236615,358.75,211.0,179.375,22
16014.0,244,115,118,81.33333333333333,6.791598582259225,1.21218695681844,545.33,242.3,181.77666666666667,130
17994.0,361,58,184,90.25,5.73909791798879,1.3745665023029168,497.03,281.5,124.2575,72
13038.0,358,23,186,119.33333333333333,4.458591205867174,1.4265732850165125,891.46,395.1,297.15333333333336,27
17002.0,423,33,178,141.0,5.01499730265925,1.540057047151205,795.35,358.34999999999997,265.1166666666666,35
15722.0,389,33,198,97.25,4.8868421881310145,1.9292515770252265,841.5200000000001,310.02000000000004,210.38000000000002,48
16349.0,6,6,6,6.0,2.584962500721156,0.0,12.65,12.65,12.65,6
16913.0,34,7,34,34.0,2.8073549220576046,0.0,53.44,53.44,53.44,7
17442.0,1432,90,307,238.66666666666666,6.3346054529802664,2.543880061933078,2087.14,521.44,347.8566666666666,129
18114.0,48,22,48,48.0,4.459431618637295,0.0,137.9,137.9,137.9,22
15303.0,236,25,236,236.0,4.643856189774723,0.0,444.42,444.42,444.42,25
12845.0,23,23,19,11.5,4.523561956057013,0.6665783579949205,54.79,48.09,27.395000000000003,23
18188.0,768,55,484,256.0,5.734016026087474,1.3525074295964727,1344.72,807.96,448.24,61
16045.0,875,62,434,218.75,5.871178126382217,1.6597454180672349,1133.4,609.05,283.35,72
16573.0,339,32,241,169.5,4.969815782426809,0.9366673818775626,510.76,305.68,255.38,34
18196.0,422,125,235,211.0,6.934981683621498,0.990805074832837,585.93,379.08,292.965,133
13285.0,2037,148,595,509.25,7.121691015187426,1.9558277838160376,2566.02,796.83,641.505,178
13184.0,1214,130,244,121.4,6.898501928306245,2.9486447762892727,1344.27,290.74,134.427,164
18151.0,346,34,244,173.0,5.087462841250338,0.9596868937742169,560.7,340.8,280.35,34
13804.0,1188,111,352,169.71428571428572,6.760363981795337,2.4939682448704814,2256.49,661.77,322.35571428571427,119
17499.0,525,34,525,525.0,5.087462841250338,0.0,460.1,460.1,460.1,34
15397.0,20,6,20,20.0,2.584962500721156,0.0,94.0,94.0,94.0,6
14276.0,722,49,294,240.66666666666666,5.512544304705065,1.570663071721726,1011.14,375.34,337.0466666666666,61
13453.0,122,11,72,61.0,3.418295834054489,0.9798687566511527,245.57999999999998,145.2,122.78999999999999,12
16394.0,766,57,300,153.2,5.806890595608516,1.9628052815374262,730.1,263.23,146.02,60
17711.0,244,21,139,122.0,4.368522527728205,0.9940302114769565,369.8,205.23000000000002,184.9,22
13865.0,199,24,58,49.75,4.532665279941249,1.9456848565351608,437.81,159.22,109.4525,27
14289.0,244,22,138,40.666666666666664,4.403856189774723,1.9517374334224664,508.06,233.14000000000001,84.67666666666666,25
16208.0,321,56,233,160.5,5.773557262275184,0.9798687566511527,534.06,385.29,267.03000000000003,60
17063.0,668,60,230,95.42857142857143,5.811718950490593,2.3820801048714113,1247.3,387.7,178.1857142857143,71
13149.0,844,63,238,211.0,5.940404017720933,1.9371175934497977,1210.68,423.92,302.67,68
15932.0,1378,82,326,172.25,6.294482601407355,2.8703138160881716,1570.16,301.9,196.26999999999998,93
17171.0,183,15,183,183.0,3.906890595608518,0.0,199.41,199.41,199.41,15
18231.0,684,86,251,136.8,6.336229852315437,2.126985540549841,1463.42,439.42,292.684,99
14004.0,1790,77,373,255.71428571428572,6.0419880297078965,2.66037978651736,2921.96,654.3299999999999,417.42285714285714,133
14513.0,51,3,50,25.5,1.584962500721156,0.9182958340544896,166.65,165.0,83.325,3
15974.0,1820,127,362,260.0,6.883605939891745,2.7009611037326153,2868.21,569.5,409.7442857142857,157
17830.0,69,11,42,23.0,3.4182958340544896,1.2516291673878228,200.75,130.1,66.91666666666667,12
12565.0,75,9,75,75.0,3.169925001442312,0.0,131.17,131.17,131.17,9
12582.0,200,18,140,100.0,4.169925001442313,0.9640787648082292,313.92,165.16,156.95999999999998,18
14231.0,397,42,176,132.33333333333334,5.35851976299634,1.5503479964504263,769.51,309.0,256.50333333333333,45
14880.0,347,35,163,115.66666666666667,5.114369445886754,1.4726372336251763,525.09,282.42,175.03,36
15121.0,195,25,123,97.5,4.643856189774723,0.904381457724494,399.07,278.15,199.535,25
17117.0,63,6,63,63.0,2.584962500721156,0.0,73.35,73.35,73.35,6
12945.0,111,15,111,111.0,3.906890595608518,0.0,264.25,264.25,264.25,15
18056.0,206,17,206,206.0,4.08746284125034,0.0,293.7,293.7,293.7,17
16072.0,51,7,51,51.0,2.8073549220576046,0.0,138.15,138.15,138.15,7
16838.0,179,20,90,89.5,4.297079327540665,0.9852281360342516,347.95,199.67000000000002,173.97500000000002,21
15543.0,85,25,85,85.0,4.606739354015323,0.0,117.91,117.91,117.91,27
13751.0,45,6,45,45.0,2.584962500721156,0.0,75.6,75.6,75.6,6
15847.0,156,18,96,78.0,4.169925001442313,0.9910760598382222,278.04,157.84,139.02,18
13851.0,1025,69,675,341.6666666666667,6.080235517784137,1.302290322869716,1536.08,899.48,512.0266666666666,73
13501.0,426,39,426,426.0,5.285402218862247,0.0,844.72,844.72,844.72,39
12633.0,794,63,347,198.5,5.814045396825129,1.8890283375590093,1356.59,479.54,339.14750000000004,88
13345.0,135,17,135,135.0,4.08746284125034,0.0,297.75,297.75,297.75,17
13870.0,1002,76,340,125.25,6.163579410165252,2.6082537603594873,1693.35,422.53,211.66875,94
17034.0,348,21,184,116.0,4.349648912578752,1.4777468341000444,574.12,339.19,191.3733333333333,23
15712.0,376,34,103,75.2,4.953416561671605,2.04214617035627,842.9,252.10000000000002,168.58,44
13362.0,1262,109,338,315.5,6.647117970087157,1.988506594905622,2682.04,732.3,670.51,144
14470.0,147,33,94,73.5,5.044394119358456,0.7455178428108287,303.99,190.44,151.995,33
16841.0,1494,89,386,249.0,6.419711291774939,2.556317584541301,1597.5,317.38,266.25,99
13753.0,476,34,476,476.0,5.087462841250338,0.0,710.66,710.66,710.66,34
13666.0,39,10,24,13.0,3.321928094887362,1.1567796494470395,67.65,43.650000000000006,22.55,10
12361.0,90,9,90,90.0,3.169925001442312,0.0,174.9,174.9,174.9,9
14481.0,391,23,205,195.5,4.458591205867174,0.975119064940866,538.41,276.35,269.20500000000004,27
13792.0,91,12,63,45.5,3.584962500721156,0.9182958340544896,183.05,108.45,91.525,12
17663.0,773,56,178,110.42857142857143,5.630169008114984,2.6949275579301166,1535.67,368.84000000000003,219.3814285714286,77
13973.0,100,9,100,100.0,3.169925001442312,0.0,186.75,186.75,186.75,9
15990.0,325,45,163,162.5,5.491853096329673,0.9824740868386409,604.01,315.37,302.005,45
13493.0,3,1,3,3.0,0.0,0.0,14.850000000000001,14.850000000000001,14.850000000000001,1
13684.0,37,28,37,37.0,4.807354922057602,0.0,62.13,62.13,62.13,28
13261.0,110,5,90,55.0,2.2516291673878226,0.6500224216483541,670.5,571.5,335.25,6
16598.0,70,10,70,70.0,3.321928094887362,0.0,140.7,140.7,140.7,10
14147.0,24,1,24,24.0,0.0,0.0,46.8,46.8,46.8,1
15951.0,296,30,169,148.0,4.843568731230678,0.9946937953613058,559.57,321.02,279.78499999999997,35
13971.0,1512,109,234,189.0,6.659046205173196,2.9688556415568885,2446.52,392.40000000000003,305.815,136
17516.0,359,106,207,71.8,6.634200041034721,1.8789536032061742,651.71,285.33,130.342,127
13630.0,576,46,249,82.28571428571429,5.403580972980645,2.0350835987311005,902.34,342.28,128.90571428571428,59
14157.0,212,44,175,106.0,5.447408651885229,0.6751914401458716,372.28000000000003,236.73000000000002,186.14000000000001,45
13636.0,529,48,209,105.8,5.539976567419275,2.184886442697617,713.33,226.20000000000002,142.666,51
13610.0,462,145,93,66.0,7.015973602418332,2.7286793263870264,850.48,156.39,121.49714285714286,194
14745.0,800,42,281,160.0,5.250701550312341,1.9342606300124605,1032.4,325.17,206.48000000000002,63
12781.0,344,18,212,172.0,4.169925001442313,0.9182958340544896,567.48,411.6,283.74,18
14036.0,248,28,248,248.0,4.807354922057602,0.0,451.25,451.25,451.25,28
14616.0,24,1,24,24.0,0.0,0.0,10.08,10.08,10.08,1
16057.0,808,94,230,115.42857142857143,6.504414240754462,2.303011794309894,1893.07,584.64,270.43857142857144,103
15724.0,72,11,42,36.0,3.459431618637298,0.9940302114769565,212.3,114.60000000000001,106.15,11
12458.0,358,30,192,179.0,4.889680181354619,0.9992492479956565,612.38,315.08,306.19,31
12598.0,1337,70,266,191.0,5.917900506744424,2.722464550086843,2083.0299999999997,434.89,297.57571428571424,104
13675.0,298,24,172,149.0,4.584962500721156,0.9798687566511527,473.38,295.0,236.69,24
14227.0,1693,101,436,188.11111111111111,6.469933878283296,2.6817154326604022,2886.82,698.08,320.7577777777778,151
16668.0,270,9,84,45.0,3.010570934268484,2.4200824632751354,286.56,74.16,47.76,19
16667.0,228,47,153,114.0,5.55458885167764,0.9601186626422924,469.98,287.48,234.99,47
13509.0,685,23,224,137.0,4.3711781263822145,2.094236605107108,662.6800000000001,222.42,132.536,36
16339.0,13,9,13,13.0,3.121928094887362,0.0,30.45,30.45,30.45,10
12509.0,50,5,50,50.0,2.321928094887362,0.0,124.5,124.5,124.5,5
14046.0,172,9,172,172.0,3.169925001442312,0.0,47.71,47.71,47.71,9
13292.0,287,21,163,143.5,4.349648912578752,0.9656361333706098,418.45,266.73,209.22500000000002,23
16427.0,96,6,72,48.0,2.5216406363433186,0.863120568566631,166.06,131.26,83.03,7
15656.0,324,35,138,81.0,5.129283016944964,1.8066379094438871,569.4,202.52,142.35,35
12811.0,190,25,103,95.0,4.606739354015322,0.9990102708804813,416.55,212.25,208.275,27
16518.0,271,33,199,135.5,5.003258334775643,0.8112781244591328,372.67,261.27,186.33499999999998,36
17165.0,96,8,96,96.0,3.0,0.0,122.88,122.88,122.88,8
17462.0,217,21,155,108.5,4.349648912578752,0.9656361333706098,599.69,463.40999999999997,299.84499999999997,23
14620.0,180,22,115,90.0,4.459431618637295,1.0,327.48,169.55,163.74,22
14740.0,717,79,256,239.0,6.278653889178257,1.581553859518403,1268.81,453.3,422.93666666666667,83
16078.0,16,1,16,16.0,0.0,0.0,79.2,79.2,79.2,1
16915.0,111,33,40,22.2,4.963745994207334,1.9297214973433743,305.63,93.88,61.126,42
15709.0,37,4,37,37.0,2.0,0.0,69.65,69.65,69.65,4
15241.0,1351,74,429,168.875,6.103911792473154,2.777041041139814,1329.16,360.48,166.145,95
15092.0,115,16,105,57.5,4.0,0.6962122601251458,279.61,230.91,139.805,16
15319.0,169,13,169,169.0,3.7004397181410926,0.0,145.0,145.0,145.0,13
16212.0,226,31,135,113.0,4.9375,0.8960382325345575,542.94,370.65000000000003,271.47,32
15257.0,36,2,36,36.0,1.0,0.0,40.2,40.2,40.2,2
14656.0,115,69,79,57.5,6.068818690495889,0.9182958340544896,240.95000000000002,147.99,120.47500000000001,75
13884.0,250,41,105,62.5,5.259426622493776,1.474590457684097,664.1500000000001,257.75,166.03750000000002,54
12866.0,151,20,151,151.0,4.321928094887363,0.0,344.92,344.92,344.92,20
13166.0,206,36,206,206.0,5.142664355548852,0.0,347.1,347.1,347.1,38
16389.0,409,27,164,102.25,4.754887502163471,1.9726869288759223,787.7099999999999,376.4,196.92749999999998,27
15416.0,1824,145,672,456.0,7.110172744509504,1.9657747562847874,2990.0,846.6,747.5,165
15733.0,56,7,56,56.0,2.8073549220576046,0.0,112.4,112.4,112.4,7
12834.0,96,11,96,96.0,3.459431618637298,0.0,201.08,201.08,201.08,11
14934.0,698,56,389,349.0,5.7345216647797566,0.9843432030984678,1244.49,759.9,622.245,68
15067.0,702,70,347,234.0,6.129283016944973,1.416639814460595,1277.2,573.45,425.73333333333335,70
16128.0,983,74,424,196.6,6.126739185454162,2.0405752192095097,1819.27,717.36,363.854,87
17770.0,188,20,154,62.666666666666664,4.297079327540665,1.0488412604661608,286.57,213.87,95.52333333333333,21
15104.0,548,44,339,274.0,5.4594316186372955,0.9985090989176322,571.49,341.90000000000003,285.745,44
15643.0,223,22,163,74.33333333333333,4.459431618637295,1.090652803252992,417.35,202.9,139.11666666666667,22
16792.0,42,9,42,42.0,3.121928094887362,0.0,87.68,87.68,87.68,10
15031.0,289,67,128,72.25,5.931014064623292,1.9554195225623503,468.34000000000003,142.92,117.08500000000001,100
15636.0,268,18,198,134.0,4.095795255000932,0.8453509366224365,589.5600000000001,386.26,294.78,22
17738.0,858,74,282,214.5,6.167010496711777,1.8634463625996114,1348.86,551.52,337.21500000000003,81
16957.0,168,14,104,84.0,3.773557262275185,0.8366407419411673,376.84000000000003,262.0,188.42000000000002,15
16571.0,798,63,308,266.0,5.895170106765958,1.579844309760265,1146.2,410.42,382.06666666666666,73
15087.0,134,13,134,134.0,3.7004397181410926,0.0,220.06,220.06,220.06,13
16709.0,569,44,264,113.8,5.370537733604885,1.6756173009104083,1667.8300000000002,716.8800000000001,333.56600000000003,54
17856.0,49,4,30,24.5,2.0,1.0,116.3,74.7,58.150000000000006,4
15053.0,396,45,149,132.0,5.369146220500344,1.5709505944546684,519.59,227.15,173.1966666666667,60
18218.0,142,12,118,71.0,3.5465935642949384,0.7793498372920852,263.3,210.5,131.65,13
16159.0,236,14,236,236.0,3.8073549220576055,0.0,348.2,348.2,348.2,14
17995.0,8,1,8,8.0,0.0,0.0,23.6,23.6,23.6,1
17374.0,37,6,26,18.5,2.584962500721156,1.0,109.07000000000001,64.22,54.535,6
17789.0,71,12,71,71.0,3.584962500721156,0.0,191.65,191.65,191.65,12
13476.0,341,40,194,170.5,5.297079327540667,0.9983636725938131,697.67,359.92,348.83500000000004,42
12817.0,52,3,52,52.0,1.584962500721156,0.0,126.03999999999999,126.03999999999999,126.03999999999999,3
15393.0,150,10,94,75.0,3.251629167387823,0.9182958340544896,231.86,124.10000000000001,115.93,12
13014.0,668,53,112,66.8,5.573118394377916,3.0381414473857777,1473.63,248.25,147.363,73
17508.0,289,22,289,289.0,4.459431618637295,0.0,387.31,387.31,387.31,22
13931.0,643,54,432,321.5,5.735926350629038,0.9402859586706309,949.53,571.32,474.76500000000004,56
12541.0,629,42,251,209.66666666666666,5.358519762996339,1.5304930567574826,721.38,271.84,240.46,45
13382.0,128,13,128,128.0,3.7004397181410926,0.0,197.14000000000001,197.14000000000001,197.14000000000001,13
15220.0,1006,100,275,167.66666666666666,6.623516641218022,2.4092431780980883,1540.41,434.89,256.73499999999996,104
14570.0,92,26,84,46.0,4.700439718141092,0.8403586716091171,190.21,159.96,95.105,26
14447.0,569,53,177,113.8,5.633815942254058,2.0904317499803655,1147.33,336.03000000000003,229.46599999999998,69
13557.0,498,30,274,249.0,4.8625759375402735,0.9993375041688847,524.06,283.38,262.03,33
16449.0,350,34,232,175.0,5.087462841250338,0.9774178175281716,593.44,368.24,296.72,34
12755.0,2,2,2,2.0,1.0,0.0,7.6,7.6,7.6,2
12547.0,132,6,108,66.0,2.584962500721156,0.6500224216483541,151.79999999999998,131.4,75.9,6
17325.0,60,6,60,60.0,2.584962500721156,0.0,96.8,96.8,96.8,6
14995.0,99,50,50,49.5,5.587275979077019,0.9621461334087001,203.43,102.72,101.715,57
16414.0,16,2,12,8.0,1.0,1.0,31.6,16.6,15.8,2
15681.0,548,24,208,109.6,4.471354487013931,1.9854537404998074,878.36,272.08,175.672,38
14670.0,325,106,260,162.5,6.656067050642186,0.9362450133154983,384.90999999999997,296.62,192.455,122
15675.0,124,12,46,41.333333333333336,3.5465935642949384,1.5485806065228545,216.16,98.30000000000001,72.05333333333334,13
12584.0,259,24,63,32.375,4.377336696990887,2.789931114537146,939.35,239.53000000000003,117.41875,42
17535.0,136,13,136,136.0,3.7004397181410926,0.0,164.4,164.4,164.4,13
15400.0,76,5,36,25.333333333333332,2.321928094887362,1.5219280948873621,208.6,120.2,69.53333333333333,5
14499.0,491,142,306,163.66666666666666,7.037953284758768,1.4409795749641936,768.74,424.73,256.24666666666667,185
18211.0,349,35,101,69.8,5.060917923934979,2.0825101607474705,515.0699999999999,130.79999999999998,103.01400000000001,39
14504.0,292,73,114,73.0,6.07658300456337,1.8448964788601647,522.21,230.27,130.5525,93
15572.0,1121,149,277,160.14285714285714,7.085077519044607,2.623820326824219,1745.99,476.37,249.42714285714285,191
14247.0,44,16,44,44.0,3.969815782426811,0.0,104.12,104.12,104.12,17
15554.0,64,9,64,64.0,3.169925001442312,0.0,130.4,130.4,130.4,9
14915.0,103,11,74,51.5,3.459431618637298,0.9456603046006402,233.32999999999998,116.78,116.665,11
18280.0,40,8,40,40.0,3.0,0.0,137.0,137.0,137.0,8
16136.0,376,30,250,125.33333333333333,4.875,1.3294340029249652,535.94,317.44,178.64666666666668,32
12614.0,65,14,65,65.0,3.8073549220576055,0.0,218.15,218.15,218.15,14
13344.0,909,99,571,303.0,6.62935662007962,1.3518358941114652,1684.29,981.65,561.43,99
16621.0,191,18,79,47.75,4.1219280948873624,1.8577174691301483,282.71000000000004,135.65,70.6775,20
17381.0,185,8,96,37.0,2.9139770731827523,1.672933031873368,632.31,335.76,126.46199999999999,11
16225.0,491,107,197,98.2,6.642730861717131,1.642017309964191,1077.8700000000001,343.13,215.574,132
14214.0,708,61,306,141.6,5.90625,1.7635227176951462,933.99,575.1,186.798,64
14012.0,160,11,160,160.0,3.459431618637298,0.0,328.8,328.8,328.8,11
16356.0,92,20,48,30.666666666666668,4.220167681284828,1.1733344436689541,210.32000000000002,107.67,70.10666666666667,31
17654.0,37,19,37,37.0,4.247927513443588,0.0,80.65,80.65,80.65,19
15026.0,211,54,144,70.33333333333333,5.714383215881167,1.2777667316575494,343.75,233.42,114.58333333333333,57
16517.0,95,16,95,95.0,4.0,0.0,154.75,154.75,154.75,16
14817.0,583,48,335,291.5,5.513153408920675,0.9965663713274553,962.08,503.33,481.03999999999996,58
17092.0,927,94,434,231.75,6.404977558034713,1.8328945702183383,1634.44,690.29,408.61,118
16242.0,1874,173,470,267.7142857142857,7.207171699950468,2.6589812004353717,3216.13,805.79,459.44714285714286,272
15869.0,91,12,57,45.5,3.521640636343319,0.863120568566631,119.4,88.05,59.7,14
17817.0,60,27,37,30.0,4.735926350629031,0.9402859586706309,114.43,63.18,57.215,28
15234.0,148,13,148,148.0,3.7004397181410926,0.0,187.88,187.88,187.88,13
15806.0,418,22,226,139.33333333333334,4.3845171317931,1.4355205042826666,671.22,286.44,223.74,27
15819.0,1165,89,390,291.25,6.353930703005419,1.9531349065120318,1728.57,525.54,432.1425,115
14586.0,168,9,168,168.0,3.169925001442312,0.0,113.16000000000001,113.16000000000001,113.16000000000001,9
15944.0,34,5,34,34.0,2.321928094887362,0.0,149.9,149.9,149.9,5
13340.0,872,49,409,145.33333333333334,5.55572291879007,2.211280359375515,2161.56,984.23,360.26,54
16917.0,106,5,106,106.0,2.321928094887362,0.0,121.9,121.9,121.9,5
14407.0,662,51,252,132.4,5.6724253419715005,2.05535388575065,981.53,294.03000000000003,196.30599999999998,51
13908.0,1174,94,443,293.5,6.463000167991449,1.9257396476861701,1926.4,801.34,481.6,110
12623.0,189,17,189,189.0,4.08746284125034,0.0,269.1,269.1,269.1,17
17639.0,44,4,44,44.0,2.0,0.0,60.2,60.2,60.2,4
16495.0,262,69,148,131.0,6.037401197654118,0.959149554396894,420.61,248.9,210.305,76
14336.0,915,61,314,228.75,5.840375586218013,1.8936308312698422,1281.1100000000001,471.54,320.27750000000003,73
14507.0,517,69,206,103.4,6.037690033756569,2.186670588275471,913.78,309.38,182.756,83
12759.0,850,74,346,283.3333333333333,6.12392431841429,1.5656531116458186,1279.09,547.12,426.3633333333334,85
15206.0,162,3,72,40.5,1.584962500721156,1.8910611120726526,420.29999999999995,183.6,105.075,9
14013.0,366,28,162,122.0,4.75,1.5575167455986105,435.58,161.78,145.19333333333336,32
14645.0,322,24,252,161.0,4.5465935642949376,0.8904916402194913,419.42,281.32,209.70999999999998,26
15071.0,190,18,100,95.0,4.142664355548851,0.9980008838722996,601.82,321.32,300.90999999999997,19
14112.0,1389,103,436,231.5,6.524437348240805,2.236202731700923,2438.81,723.11,406.4683333333333,142
17864.0,543,66,253,181.0,5.918812214316649,1.3695904139084134,495.75,223.36,165.25,84
12881.0,16,4,16,16.0,2.0,0.0,69.0,69.0,69.0,4
17138.0,116,18,116,116.0,4.169925001442313,0.0,288.3,288.3,288.3,18
16572.0,515,33,199,171.66666666666666,4.92850885479768,1.5721093632552736,845.65,316.73,281.8833333333334,48
14165.0,49,20,49,49.0,4.297079327540665,0.0,82.19,82.19,82.19,21
15632.0,1629,93,335,203.625,6.358423937594402,2.8089464053089017,2753.75,480.01,344.21875,141
13899.0,152,18,118,76.0,4.169925001442313,0.7642045065086203,337.52,247.5,168.76,18
16471.0,141,13,141,141.0,3.7004397181410926,0.0,223.95000000000002,223.95000000000002,223.95000000000002,13
15838.0,224,7,88,44.8,2.7219280948873625,2.1219280948873624,717.84,358.8,143.568,10
18183.0,290,30,185,145.0,4.906890595608519,0.9871377743721863,481.32000000000005,270.77000000000004,240.66000000000003,30
18173.0,318,18,160,79.5,4.106603137064474,1.8221189251103274,884.98,459.40000000000003,221.245,21
14854.0,1399,98,545,199.85714285714286,6.544996077161032,2.3579487831814463,1811.64,673.71,258.8057142857143,110
16625.0,160,21,160,160.0,4.39231742277876,0.0,300.68,300.68,300.68,21
14064.0,653,56,216,130.6,5.705947471556413,2.142502877735755,776.25,246.92000000000002,155.25,71
15308.0,117,14,117,117.0,3.8073549220576055,0.0,210.05,210.05,210.05,14
18086.0,106,7,106,106.0,2.8073549220576046,0.0,101.34,101.34,101.34,7
14930.0,1032,86,623,344.0,6.393127173448329,1.2694279137282816,1503.6100000000001,754.83,501.2033333333334,92
16080.0,104,9,62,52.0,3.169925001442312,0.9910760598382222,176.6,89.7,88.30000000000001,9
14727.0,53,7,53,53.0,2.8073549220576046,0.0,116.03,116.03,116.03,7
16778.0,192,15,126,96.0,3.906890595608518,0.9182958340544896,228.94,135.76,114.47,15
14077.0,213,29,65,42.6,4.668912825088411,1.8967932296752048,354.05,110.78999999999999,70.80999999999999,37
16808.0,161,20,113,80.5,4.297079327540665,0.5916727785823275,222.97,128.25,111.485,21
16475.0,254,22,192,84.66666666666667,4.363713275750189,1.0101190680613157,417.7,310.0,139.23333333333332,26
13265.0,1050,52,292,210.0,5.614997302659256,2.231797467193495,1232.52,293.98,246.504,70
12520.0,1391,112,596,278.2,6.702524300658396,2.148933427880508,2046.26,768.67,409.252,135
15049.0,15,2,15,15.0,1.0,0.0,40.050000000000004,40.050000000000004,40.050000000000004,2
18149.0,148,9,68,49.333333333333336,3.0849625007211556,1.384431504340598,323.7,153.79999999999998,107.89999999999999,12
13654.0,1560,136,445,260.0,7.050565038275897,2.345894462865786,2261.97,732.53,376.99499999999995,145
17164.0,1487,86,440,212.42857142857142,6.2550865038012295,2.3258666955775027,2335.25,729.94,333.60714285714283,138
13226.0,78,14,78,78.0,3.8073549220576055,0.0,85.51,85.51,85.51,14
13043.0,46,5,46,46.0,2.321928094887362,0.0,139.7,139.7,139.7,5
14352.0,480,33,264,120.0,5.003258334775643,1.515990701798967,821.76,404.52,205.44,36
17351.0,72,12,50,24.0,3.5465935642949384,0.9912642605354289,253.5,135.0,84.5,13
16768.0,90,34,38,30.0,5.021928094887363,1.4890907595250464,211.59,86.05,70.53,40
16693.0,193,50,145,96.5,5.633209655696991,0.9526092095121206,361.86,226.3,180.93,51
13956.0,393,105,176,78.6,6.616907160866605,2.1795500404470625,671.39,251.47,134.278,125
13708.0,252,47,252,252.0,5.55458885167764,0.0,260.46,260.46,260.46,47
15918.0,153,33,87,76.5,4.953055907333277,0.9927744539878084,334.23,192.23,167.115,40
15671.0,799,46,213,133.16666666666666,5.440223928941851,2.2875500102088115,1179.81,356.19,196.635,60
14962.0,3,1,3,3.0,0.0,0.0,14.850000000000001,14.850000000000001,14.850000000000001,1
16807.0,723,49,292,241.0,5.552188259778773,1.5243166733459839,934.6899999999999,405.26,311.56333333333333,57
15125.0,813,38,178,90.33333333333333,5.136842188131015,2.8956018706239135,2275.8,511.8,252.86666666666667,48
16871.0,1196,113,323,199.33333333333334,6.797897286649968,2.325424905650381,2267.2400000000002,687.8100000000001,377.8733333333334,118
12901.0,693,24,106,46.2,4.310426738573901,3.5570144891718396,1130.55,147.48,75.36999999999999,52
15493.0,470,141,131,94.0,6.897096540280376,2.2846873483797263,1195.06,321.76,239.012,226
16005.0,267,161,94,66.75,7.248685793143995,1.8912602892685098,470.06,136.28,117.515,188
15971.0,127,7,30,18.142857142857142,2.5220552088742005,2.7516291673878226,273.05,62.400000000000006,39.00714285714286,12
15388.0,88,10,88,88.0,3.321928094887362,0.0,140.54,140.54,140.54,10
16804.0,202,54,148,67.33333333333333,5.744996077161019,0.9680134322563785,445.84000000000003,361.98,148.61333333333332,55
13499.0,324,21,140,64.8,4.315824333525707,1.867232476623897,596.94,281.46000000000004,119.388,26
15047.0,174,21,174,174.0,4.39231742277876,0.0,329.7,329.7,329.7,21
14193.0,365,32,210,182.5,4.932138039759377,0.9980008838722996,737.15,380.3,368.57500000000005,38
17542.0,131,21,131,131.0,4.368522527728205,0.0,141.55,141.55,141.55,22
16392.0,200,40,200,200.0,5.297079327540667,0.0,210.24,210.24,210.24,42
15106.0,988,79,299,197.6,6.254886164091848,2.2217721318787347,1235.45,346.84,247.09,88
16214.0,338,27,226,112.66666666666667,4.612131619161777,1.2000794795953018,653.45,367.37,217.8166666666667,33
13716.0,138,21,138,138.0,4.39231742277876,0.0,138.28,138.28,138.28,21
14226.0,677,51,241,169.25,5.652448756449989,1.9726625646086764,1239.74,411.6,309.935,53
13121.0,190,45,190,190.0,5.491853096329673,0.0,231.35999999999999,231.35999999999999,231.35999999999999,45
12994.0,421,43,149,140.33333333333334,5.360902344426088,1.584962500721156,723.07,259.9,241.0233333333333,48
16152.0,230,11,230,230.0,3.459431618637298,0.0,712.46,712.46,712.46,11
14636.0,241,27,124,120.5,4.735926350629031,0.9852281360342516,609.85,309.66,304.925,28
16040.0,492,45,196,164.0,5.443856189774728,1.5738469904649175,1018.86,372.49,339.62,50
13358.0,228,23,228,228.0,4.523561956057013,0.0,304.71,304.71,304.71,23
12849.0,402,39,302,201.0,5.271928094887364,0.8812908992306927,737.14,466.59999999999997,368.57,40
15182.0,251,23,144,125.5,4.450212064914746,0.9852281360342516,605.85,370.48,302.925,28
13299.0,24,4,24,24.0,2.0,0.0,82.80000000000001,82.80000000000001,82.80000000000001,4
16383.0,329,72,202,164.5,6.05285559628159,0.9871377743721863,515.89,261.15000000000003,257.94500000000005,90
15381.0,66,5,66,66.0,2.321928094887362,0.0,143.1,143.1,143.1,5
15030.0,24,1,24,24.0,0.0,0.0,20.4,20.4,20.4,1
12435.0,40,2,40,40.0,1.0,0.0,78.0,78.0,78.0,2
12955.0,2368,75,684,215.27272727272728,5.963021283753628,3.117639294276727,3237.36,964.92,294.30545454545455,147
18189.0,540,56,340,270.0,5.807354922057609,0.9544340029249649,885.44,544.8000000000001,442.72,56
13946.0,55,5,24,18.333333333333332,2.321928094887362,1.5219280948873621,57.33,37.35,19.11,5
13185.0,12,1,12,12.0,0.0,0.0,71.4,71.4,71.4,1
14840.0,31,4,31,31.0,2.0,0.0,62.85,62.85,62.85,4
13216.0,5,1,5,5.0,0.0,0.0,10.5,10.5,10.5,1
13650.0,893,71,272,148.83333333333334,6.073806857276814,2.397783643381909,1562.19,397.62,260.365,84
13533.0,199,59,95,66.33333333333333,5.787844793048887,1.2010886315115785,245.23999999999998,118.84,81.74666666666667,72
13104.0,264,13,144,66.0,3.625,1.6697367178034823,570.48,202.56,142.62,16
15433.0,399,40,283,199.5,5.308771516813203,0.8390040613676977,420.07,262.71,210.03499999999997,41
12937.0,866,77,411,216.5,6.137414465786288,1.7213819161952553,1233.1200000000001,586.88,308.28,114
16216.0,240,31,240,240.0,4.954196310386877,0.0,605.88,605.88,605.88,31
12514.0,416,44,416,416.0,5.4594316186372955,0.0,779.68,779.68,779.68,44
18210.0,1052,87,543,175.33333333333334,6.3684919106573705,2.004033792133014,1907.18,935.27,317.86333333333334,103
13631.0,67,2,20,13.4,0.9709505944546686,2.321928094887362,332.5,100.0,66.5,5
14422.0,2099,163,656,349.8333333333333,7.281671989898516,2.3497188232620467,3462.69,1129.25,577.115,190
17725.0,1994,106,272,181.27272727272728,6.526601700996819,3.4432563614695706,2893.2799999999997,307.5,263.0254545454545,176
13072.0,69,7,69,69.0,2.8073549220576046,0.0,177.15,177.15,177.15,7
15695.0,161,20,146,80.5,4.321928094887363,0.6098403047164004,357.81,307.56,178.905,20
14110.0,1505,87,322,150.5,6.238604371154018,3.0054295595681775,2913.87,627.24,291.38700000000006,135
16716.0,24,1,24,24.0,0.0,0.0,166.8,166.8,166.8,1
14059.0,68,7,68,68.0,2.8073549220576046,0.0,132.6,132.6,132.6,7
16511.0,311,119,128,103.66666666666667,6.784435126681256,1.5539127703421878,667.33,262.83,222.4433333333333,142
16256.0,73,6,73,73.0,2.584962500721156,0.0,150.15,150.15,150.15,6
13591.0,456,46,222,152.0,5.5235619560570095,1.531000155043516,809.58,340.9,269.85999999999996,46
14066.0,42,6,42,42.0,2.584962500721156,0.0,114.3,114.3,114.3,6
15483.0,170,71,95,42.5,6.096928094887359,1.5044354851826067,192.76,104.23,48.19,80
16626.0,1226,71,345,76.625,5.936108863244334,3.3245316832132485,2303.69,609.0,143.980625,128
15019.0,147,62,147,147.0,5.9375,0.0,225.85999999999999,225.85999999999999,225.85999999999999,64
14315.0,920,53,264,153.33333333333334,5.534709089239382,2.209599771204409,1989.88,706.28,331.6466666666667,84
17921.0,419,110,135,104.75,6.680846558164732,1.9700308028037319,769.38,262.17,192.345,138
14041.0,94,21,94,94.0,4.39231742277876,0.0,141.41,141.41,141.41,21
17060.0,24,3,24,24.0,1.584962500721156,0.0,50.400000000000006,50.400000000000006,50.400000000000006,3
16023.0,341,80,165,113.66666666666667,6.269630874107443,1.5415242235276523,548.86,219.55,182.95333333333335,90
17133.0,18,2,9,6.0,0.9182958340544896,1.584962500721156,32.400000000000006,17.55,10.800000000000002,3
12878.0,534,37,322,267.0,5.132257608230924,0.978070970973496,825.74,510.56,412.87,46
14155.0,25,6,25,25.0,2.584962500721156,0.0,118.75,118.75,118.75,6
17043.0,752,83,384,188.0,6.368507898969236,1.8202818158911784,1144.98,672.6,286.245,84
13046.0,249,26,179,124.5,4.680813428089397,0.975119064940866,419.11,272.99,209.555,27
14633.0,84,14,84,84.0,3.8073549220576055,0.0,235.4,235.4,235.4,14
12948.0,966,74,313,138.0,6.068204369416956,2.5997070134176177,1881.1100000000001,485.16,268.73,107
15703.0,66,5,66,66.0,2.321928094887362,0.0,211.5,211.5,211.5,5
17134.0,77,11,57,38.5,3.3927474104487847,0.7793498372920852,232.35000000000002,157.75,116.175,13
17795.0,232,40,119,116.0,5.297079327540667,0.9402859586706309,311.48,163.35,155.74,42
12902.0,62,7,62,62.0,2.8073549220576046,0.0,87.78,87.78,87.78,7
14232.0,1176,71,435,235.2,6.011842188131015,2.079019948513614,1626.52,603.07,325.304,96
14693.0,24,7,24,24.0,2.8073549220576046,0.0,45.4,45.4,45.4,7
12407.0,850,48,400,170.0,5.479757419459163,1.956340095933375,1085.01,511.34,217.002,61
16728.0,649,205,338,162.25,7.5648066389198565,1.819877208920266,838.78,369.32,209.695,249
16096.0,146,8,146,146.0,3.0,0.0,124.62,124.62,124.62,8
13592.0,77,11,35,25.666666666666668,3.459431618637298,1.5394847569315018,159.51,65.77000000000001,53.17000000000001,11
15140.0,788,63,243,112.57142857142857,5.960829351489997,2.6294446661292508,1604.01,395.75,229.1442857142857,65
12843.0,624,57,155,89.14285714285714,5.584655743399795,2.446838807729157,1374.19,310.55,196.31285714285715,87
14408.0,1143,51,396,163.28571428571428,5.423558048708778,2.331320743430903,1816.03,535.79,259.43285714285713,92
15408.0,92,24,92,92.0,4.584962500721156,0.0,121.98,121.98,121.98,24
15445.0,54,3,54,54.0,1.584962500721156,0.0,68.1,68.1,68.1,3
15452.0,277,44,131,92.33333333333333,5.374054652635585,1.1343290295035011,492.83,201.35,164.27666666666667,53
14223.0,510,39,205,170.0,5.225186429663006,1.5694882449983494,736.5600000000001,269.37,245.51999999999998,45
16619.0,129,14,129,129.0,3.8073549220576055,0.0,204.41,204.41,204.41,14
14762.0,305,20,305,305.0,4.321928094887363,0.0,277.12,277.12,277.12,20
13934.0,379,28,379,379.0,4.807354922057602,0.0,818.65,818.65,818.65,28
15669.0,235,27,121,58.75,4.754887502163471,1.7139350452807203,430.35,212.29,107.5875,27
16384.0,252,29,198,126.0,4.857980995127571,0.7355085815538398,502.2,392.1,251.10000000000002,29
18224.0,69,10,69,69.0,3.321928094887362,0.0,158.95000000000002,158.95000000000002,158.95000000000002,10
14245.0,952,95,616,476.0,6.5641291673878275,0.9544340029249649,1500.73,884.25,750.365,96
17678.0,207,16,207,207.0,4.0,0.0,298.11,298.11,298.11,16
15855.0,470,59,151,94.0,5.730875438448057,2.143385500827409,712.24,237.55,142.448,80
16036.0,499,51,445,249.5,5.6724253419715005,0.6267511370265895,607.69,539.95,303.845,51
17763.0,12,1,12,12.0,0.0,0.0,15.0,15.0,15.0,1
13262.0,117,9,117,117.0,3.169925001442312,0.0,132.29,132.29,132.29,9
17152.0,109,8,68,36.333333333333336,3.0,1.2987949406953985,310.7,218.0,103.56666666666666,8
14632.0,46,6,46,46.0,2.584962500721156,0.0,79.94,79.94,79.94,6
13900.0,381,35,270,190.5,5.114369445886754,0.943601631299382,553.95,327.02,276.975,36
14875.0,344,36,294,172.0,5.155399311574899,0.49418293484978865,780.5,660.0,390.25,37
15132.0,507,47,220,101.4,5.533077191053984,1.7467369132461792,791.69,337.24,158.33800000000002,49
17272.0,1400,65,502,466.6666666666667,5.890004410510337,1.5811144520051785,1864.8700000000001,674.14,621.6233333333333,103
16135.0,190,18,190,190.0,4.169925001442313,0.0,313.7,313.7,313.7,18
12831.0,61,6,61,61.0,2.584962500721156,0.0,124.75,124.75,124.75,6
15437.0,77,42,77,77.0,5.379753126795121,0.0,183.71,183.71,183.71,43
14377.0,39,3,27,19.5,1.584962500721156,0.9182958340544896,155.25,119.85,77.625,3
16374.0,230,95,183,115.0,6.5238317164826185,0.7482932859824889,396.28000000000003,284.68,198.14,103
13196.0,1219,94,737,304.75,6.4843662854261215,1.4546492643734172,1704.03,1040.92,426.0075,107
15457.0,130,55,130,130.0,5.762714575568246,0.0,217.17,217.17,217.17,57
16721.0,172,37,172,172.0,5.209453365628954,0.0,292.47,292.47,292.47,37
12399.0,699,42,363,174.75,5.34964891257875,1.7846976057250203,729.15,273.05,182.28750000000002,46
17733.0,361,27,278,180.5,4.735926350629031,0.9059282160429992,471.63,296.58,235.815,28
15410.0,1059,41,226,132.375,5.217748756123428,2.9058914537415848,2612.19,656.4200000000001,326.52375,106
13239.0,231,19,231,231.0,4.247927513443588,0.0,292.12,292.12,292.12,19
15449.0,712,46,296,237.33333333333334,5.433681461495204,1.5671107783420124,899.96,326.82,299.9866666666667,57
14870.0,119,13,119,119.0,3.7004397181410926,0.0,327.25,327.25,327.25,13
13821.0,147,49,106,73.5,5.557354922057607,0.863120568566631,321.89,231.9,160.945,56
17096.0,279,38,89,69.75,5.234120167580196,1.9563690413805237,762.2900000000001,266.83,190.5725,39
12818.0,90,7,90,90.0,2.8073549220576046,0.0,245.9,245.9,245.9,7
12604.0,200,14,136,100.0,3.7735572622751845,0.9709505944546686,236.18,160.5,118.09,15
18191.0,44,2,44,44.0,1.0,0.0,37.4,37.4,37.4,2
14461.0,638,149,304,212.66666666666666,7.198705050435547,1.2453409734025673,1468.31,730.89,489.43666666666667,155
13132.0,18,2,18,18.0,1.0,0.0,60.3,60.3,60.3,2
16859.0,512,34,339,256.0,5.058813890331199,0.9910760598382222,362.91,226.49,181.455,36
15245.0,832,46,486,277.3333333333333,5.3788640881881,1.3470649779229211,1490.76,808.04,496.92,70
17486.0,189,23,189,189.0,4.523561956057013,0.0,376.97,376.97,376.97,23
12564.0,125,17,125,125.0,4.08746284125034,0.0,336.15,336.15,336.15,17
15644.0,541,164,266,135.25,7.204278994285589,1.6655639344707964,732.09,339.5,183.0225,228
14075.0,614,30,264,204.66666666666666,4.826874881864641,1.4689800860827833,728.54,278.26,242.84666666666666,38
17250.0,158,51,89,79.0,5.661978179679557,0.9828586897127056,282.62,142.7,141.31,52
14129.0,520,30,164,104.0,4.693660689688186,2.1521125612957097,1077.06,358.90000000000003,215.41199999999998,50
15651.0,343,25,198,114.33333333333333,4.582118926162054,1.4530732564535929,491.65999999999997,200.14,163.88666666666666,29
13035.0,193,15,124,96.5,3.875,0.9544340029249649,318.15000000000003,204.60000000000002,159.07500000000002,16
13341.0,285,35,285,285.0,5.129283016944964,0.0,603.55,603.55,603.55,35
13512.0,141,13,141,141.0,3.7004397181410926,0.0,228.51000000000002,228.51000000000002,228.51000000000002,13
16620.0,84,8,44,42.0,3.0,1.0,144.96,83.2,72.48,8
17698.0,93,8,93,93.0,3.0,0.0,154.95,154.95,154.95,8
14267.0,416,20,228,138.66666666666666,4.17619062614183,1.3893152742980257,789.74,442.28000000000003,263.24666666666667,36
16022.0,248,62,248,248.0,5.930060120720765,0.0,532.28,532.28,532.28,65
14235.0,877,49,400,175.4,5.5346208657799245,1.9796967084919006,1454.34,614.15,290.86800000000005,58
16769.0,64,25,64,64.0,4.548394345536403,0.0,206.19,206.19,206.19,30
17754.0,1091,74,347,218.2,6.182838116298154,1.987734405511516,981.7,513.6,196.33999999999997,78
12408.0,1046,74,317,209.2,6.127909901861184,2.1092312573355767,1838.62,574.79,367.724,90
16063.0,262,23,262,262.0,4.523561956057013,0.0,335.32,335.32,335.32,23
15178.0,30,3,30,30.0,1.584962500721156,0.0,40.5,40.5,40.5,3
14348.0,169,16,169,169.0,4.0,0.0,297.87,297.87,297.87,16
15815.0,314,15,218,104.66666666666667,3.82687488186464,1.312430802347936,522.48,256.08,174.16,19
13695.0,927,41,188,71.3076923076923,5.119427771381149,3.4733659421153753,1616.53,305.21999999999997,124.34846153846154,73
17979.0,313,110,131,78.25,6.687677236072095,1.62514093616038,576.43,227.92,144.1075,130
12545.0,468,34,338,234.0,5.021928094887363,0.8112781244591328,698.8,494.5,349.4,40
14758.0,257,32,126,64.25,4.86329194348417,1.9353912438000038,711.82,270.45,177.95499999999998,41
14536.0,30,13,30,30.0,3.7004397181410926,0.0,76.0,76.0,76.0,13
13662.0,472,41,172,157.33333333333334,5.333241498888144,1.5795511443616175,628.51,248.44,209.50333333333333,43
17946.0,71,16,62,35.5,3.9477027792200903,0.6500224216483541,79.78,62.23,39.89,18
13743.0,551,6,108,78.71428571428571,2.520120967806529,2.7241867087075264,803.9499999999999,163.79999999999998,114.85,27
18078.0,106,24,97,53.0,4.584962500721156,0.7382848661434506,185.98,173.49,92.99000000000001,24
16780.0,267,48,170,133.5,5.521640636343321,0.7817281222714539,386.79,250.4,193.39499999999998,56
17937.0,78,3,24,19.5,1.5,2.0,172.5,67.5,43.125,4
18273.0,40,1,20,20.0,0.0,1.0,102.0,51.0,51.0,2
17625.0,1164,215,458,291.0,7.6060341102481885,1.9469424889750513,1885.15,622.85,471.2875,295
13357.0,266,78,266,266.0,6.259991029008332,0.0,491.6,491.6,491.6,82
16777.0,52,36,39,26.0,5.131556065016094,0.8212809417449864,134.32,95.17,67.16,39
14476.0,109,16,109,109.0,4.0,0.0,183.05,183.05,183.05,16
16245.0,821,71,402,273.6666666666667,6.083616823845559,1.5421032015646792,1208.91,558.66,402.96999999999997,81
13266.0,1896,64,224,158.0,5.6824880871038905,3.5013536011624793,2259.58,282.71,188.29833333333332,146
12669.0,1057,89,832,528.5,6.463838596242659,0.8904916402194913,1319.92,945.0,659.96,91
12792.0,214,23,214,214.0,4.523561956057013,0.0,329.59,329.59,329.59,23
17765.0,131,41,58,43.666666666666664,5.314075318551896,1.4619665652603915,259.58,129.1,86.52666666666666,45
15083.0,36,3,36,36.0,1.584962500721156,0.0,62.699999999999996,62.699999999999996,62.699999999999996,3
18010.0,48,9,48,48.0,3.169925001442312,0.0,61.6,61.6,61.6,9
13760.0,197,50,101,98.5,5.587275979077019,0.9997779672118907,286.79,151.70000000000002,143.395,57
15624.0,240,21,103,60.0,4.28022625367366,1.8765975550731941,511.5,187.35000000000002,127.87500000000001,29
17749.0,255,24,204,127.5,4.5638561897747225,0.8554508105601307,478.95,304.64,239.475,25
15068.0,307,88,183,153.5,6.4182958340544936,0.9377342939868041,453.45,274.79,226.72500000000002,96
14538.0,149,17,119,74.5,4.08746284125034,0.672294817075638,334.35,227.85,167.175,17
14851.0,291,25,156,145.5,4.643856189774723,0.9988455359952018,416.55,242.22000000000003,208.275,25
14021.0,180,19,92,60.0,4.247927513443588,1.189731916820733,495.7,243.10000000000002,165.23333333333332,19
13037.0,409,35,152,136.33333333333334,5.114369445886754,1.584962500721156,693.37,260.0,231.12333333333333,36
18177.0,674,51,181,112.33333333333333,5.554470182793545,2.3477890650928854,1251.22,324.17,208.53666666666666,71
14128.0,563,39,294,281.5,5.225186429663006,0.9996437496778561,625.0,319.46,312.5,45
17874.0,160,32,81,26.666666666666668,4.907071770088825,1.6515250989649322,501.87,286.15,83.645,39
17719.0,1566,87,182,104.4,5.955720227551652,3.817093464675639,3654.72,509.63,243.648,196
14441.0,411,32,121,102.75,4.907071770088825,1.9907276110992354,1348.5900000000001,401.19,337.14750000000004,39
17931.0,127,56,109,63.5,5.797802294866491,0.7746319868686842,255.0,222.3,127.5,57
13803.0,121,17,121,121.0,4.08746284125034,0.0,277.07,277.07,277.07,17
17398.0,282,23,173,94.0,4.440636352673266,1.3829457416591304,378.78000000000003,224.03,126.25999999999999,26
15906.0,514,103,213,73.42857142857143,6.528530978391879,2.335445243288685,1247.79,554.69,178.25571428571428,138
13439.0,206,53,206,206.0,5.727920454563195,0.0,273.27,273.27,273.27,53
12888.0,55,2,31,27.5,0.9182958340544896,0.9182958340544896,177.42000000000002,96.06,88.71000000000001,3
12456.0,1161,87,425,387.0,6.379307251370897,1.580982641705794,1636.09,589.86,545.3633333333333,99
15521.0,1443,102,380,206.14285714285714,6.527211230406507,2.4947443471908843,1766.48,477.68,252.3542857142857,152
13720.0,354,40,204,88.5,5.3219280948873635,1.7321134789601134,685.8,266.2,171.45,40
17594.0,550,42,330,275.0,5.323856189774728,0.8554508105601307,993.18,678.18,496.59,50
17775.0,72,3,72,72.0,1.584962500721156,0.0,56.4,56.4,56.4,3
14146.0,1859,150,653,464.75,7.189218951777113,1.834085603464203,2633.02,1159.51,658.255,163
16657.0,833,152,293,208.25,7.164526819122889,1.9216499025159401,756.46,211.57,189.115,183
15424.0,218,15,168,109.0,3.906890595608518,0.9967916319816366,304.14,189.84,152.07,15
13316.0,336,42,175,84.0,5.341744485170485,1.5586002440514308,580.49,325.98,145.1225,45
16788.0,302,136,181,151.0,7.047667795166571,0.9835585673909616,575.94,294.47,287.97,146
16584.0,287,22,179,143.5,4.418295834054489,1.0,647.33,409.29,323.665,24
15364.0,445,28,409,222.5,4.807354922057602,0.37123232664087563,675.59,581.39,337.795,28
18108.0,74,13,74,74.0,3.7004397181410926,0.0,194.85,194.85,194.85,13
14272.0,408,26,325,204.0,4.700439718141092,0.7793498372920852,330.2,239.51,165.1,26
15980.0,530,29,234,176.66666666666666,4.857980995127571,1.4318873153407885,1250.0,752.4200000000001,416.6666666666667,29
15832.0,463,53,463,463.0,5.727920454563195,0.0,821.49,821.49,821.49,53
14828.0,24,1,24,24.0,0.0,0.0,10.08,10.08,10.08,1
16092.0,596,33,230,198.66666666666666,4.910659862177844,1.5723682907883647,714.0600000000001,271.07,238.01999999999998,47
15528.0,81,23,81,81.0,4.523561956057013,0.0,153.43,153.43,153.43,23
16398.0,501,50,370,250.5,5.614712907393384,0.6572729784684463,958.15,788.6,479.07500000000005,53
17088.0,835,84,333,208.75,6.291681284646299,1.845696169251495,1651.6100000000001,797.33,412.90250000000003,101
17438.0,88,12,88,88.0,3.584962500721156,0.0,272.90000000000003,272.90000000000003,272.90000000000003,12
13060.0,115,11,115,115.0,3.459431618637298,0.0,243.93,243.93,243.93,11
14790.0,465,27,180,116.25,4.611949334080443,1.815198108089055,554.46,188.66,138.615,39
14890.0,51,7,51,51.0,2.8073549220576046,0.0,125.65,125.65,125.65,7
16386.0,202,73,176,101.0,6.157197090657126,0.29181825659888583,273.07,211.97,136.535,78
14818.0,193,34,119,64.33333333333333,4.98418371977919,1.4646177528032565,390.05,218.42000000000002,130.01666666666668,40
12909.0,732,58,209,146.4,5.818549764769761,2.079369815515414,985.34,289.25,197.068,63
12619.0,685,31,202,85.625,4.771598379853423,2.6678689744523676,644.27,160.38,80.53375,44
16681.0,535,14,146,107.0,3.615817594675933,2.1193869282348947,939.64,250.78000000000003,187.928,27
13573.0,107,21,97,53.5,4.368522527728205,0.5746356978376794,233.96,202.19,116.98,22
14957.0,34,12,34,34.0,3.584962500721156,0.0,58.49,58.49,58.49,12
13918.0,322,24,222,161.0,4.584962500721156,0.9182958340544896,565.1,366.9,282.54999999999995,24
17212.0,5,1,5,5.0,0.0,0.0,3.95,3.95,3.95,1
14886.0,156,17,156,156.0,4.08746284125034,0.0,325.0,325.0,325.0,17
13626.0,207,18,207,207.0,4.169925001442313,0.0,241.32999999999998,241.32999999999998,241.32999999999998,18
13462.0,60,8,60,60.0,3.0,0.0,135.0,135.0,135.0,8
18263.0,1023,50,456,341.0,5.643856189774728,1.5348439850956856,1040.32,411.64,346.7733333333333,50
16960.0,302,90,133,100.66666666666667,6.439913311976959,1.5342998860925159,488.6,183.08,162.86666666666667,99
17701.0,83,12,83,83.0,3.584962500721156,0.0,193.65,193.65,193.65,12
14852.0,1272,84,355,212.0,6.204574355850651,2.4060005406260565,2228.7400000000002,631.77,371.45666666666665,119
12569.0,1567,84,244,55.964285714285715,6.106880944426486,4.606427342309856,2680.9900000000002,284.4,95.74964285714286,137
13169.0,146,7,74,73.0,2.725480556997868,0.9910760598382222,355.1,199.2,177.55,9
16162.0,2,1,2,2.0,0.0,0.0,11.9,11.9,11.9,1
13781.0,24,13,24,24.0,3.7004397181410926,0.0,68.54,68.54,68.54,13
14023.0,307,28,160,153.5,4.789015477886192,0.9991421039919088,540.77,287.53000000000003,270.385,29
17669.0,566,35,240,80.85714285714286,4.969274489883449,2.3164065918735486,880.52,328.92,125.78857142857143,47
16142.0,358,28,358,358.0,4.807354922057602,0.0,356.04,356.04,356.04,28
17648.0,424,57,177,141.33333333333334,5.78680373302373,1.5624090842829097,1224.6000000000001,496.61,408.2,63
13059.0,27,6,27,27.0,2.584962500721156,0.0,85.65,85.65,85.65,6
16224.0,969,77,324,242.25,6.221366087947372,1.8584364107591687,1072.85,378.67,268.2125,83
17886.0,290,80,112,96.66666666666667,6.282023955618838,1.3572194732577525,468.23,198.92000000000002,156.07666666666668,87
13294.0,436,41,310,218.0,5.306170651709184,0.9656361333706098,726.39,418.0,363.195,46
15289.0,684,41,375,228.0,5.260847105465772,1.4242826032637899,684.78,297.69,228.26,53
18185.0,175,14,175,175.0,3.8073549220576055,0.0,214.25,214.25,214.25,14
15756.0,233,153,73,58.25,7.156276682487224,1.985477154260971,454.41,149.92000000000002,113.6025,183
14747.0,69,11,69,69.0,3.459431618637298,0.0,176.95000000000002,176.95000000000002,176.95000000000002,11
14719.0,1011,167,252,202.2,7.2335038236289115,2.3007436441548275,1450.89,396.47,290.178,223
16586.0,83,7,83,83.0,2.8073549220576046,0.0,361.95,361.95,361.95,7
16105.0,186,11,186,186.0,3.459431618637298,0.0,165.6,165.6,165.6,11
15674.0,831,78,509,277.0,6.231486767965344,1.396290033625634,1520.66,950.86,506.8866666666667,84
16906.0,155,67,77,38.75,6.011085408180433,1.538250623139519,332.58000000000004,139.9,83.14500000000001,76
16170.0,1193,93,237,198.83333333333334,6.422179940758057,2.5619442984296414,1593.8899999999999,314.65999999999997,265.6483333333333,110
15244.0,397,29,238,198.5,4.825164052322361,0.9932338197397066,565.17,283.13,282.58500000000004,31
16696.0,122,6,66,30.5,2.503258334775646,1.6577427265048887,462.3,209.10000000000002,115.57500000000002,9
15145.0,695,46,241,173.75,5.440361758939866,1.9178631734745228,921.73,309.93,230.4325,55
17492.0,146,10,146,146.0,3.321928094887362,0.0,288.62,288.62,288.62,10
17409.0,35,5,21,17.5,2.321928094887362,0.9709505944546686,111.55000000000001,70.95000000000002,55.775000000000006,5
17783.0,353,66,301,176.5,6.044394119358462,0.9893755831922302,274.97,171.06,137.485,66
13863.0,215,18,215,215.0,4.169925001442313,0.0,258.66,258.66,258.66,18
13515.0,675,47,208,168.75,5.445485948727422,1.8752377049477431,833.82,367.16,208.455,56
15917.0,37,9,37,37.0,3.169925001442312,0.0,60.550000000000004,60.550000000000004,60.550000000000004,9
17440.0,33,2,18,16.5,1.0,1.0,17.55,11.700000000000001,8.775,2
17140.0,62,12,62,62.0,3.521640636343319,0.0,115.42,115.42,115.42,14
14964.0,45,10,45,45.0,3.321928094887362,0.0,81.75,81.75,81.75,10
16031.0,412,82,214,206.0,6.309948178133111,0.9594579158386696,434.05,229.88,217.025,89
14403.0,49,4,28,24.5,2.0,1.0,283.95000000000005,144.0,141.97500000000002,4
17042.0,853,68,238,170.6,5.933356846257551,2.1289612242777425,959.68,241.92000000000002,191.936,90
17906.0,25,11,25,25.0,3.459431618637298,0.0,55.95,55.95,55.95,11
18272.0,1578,88,352,263.0,6.23476980540696,2.558845545656659,2780.36,690.0600000000001,463.3933333333334,151
13731.0,270,30,165,135.0,4.875,0.9744894033980523,511.59000000000003,295.37,255.79500000000002,32
13748.0,230,19,166,57.5,4.247927513443588,1.6135197342325187,328.7,208.29999999999998,82.175,19
12580.0,236,23,236,236.0,4.523561956057013,0.0,379.7,379.7,379.7,23
14912.0,215,15,110,107.5,3.875,1.0,323.77,165.39,161.885,16
15530.0,660,75,281,165.0,6.152644807346592,1.7101235514673954,1067.92,405.97,266.98,89
13950.0,272,24,85,68.0,4.5638561897747225,1.9786885704510973,437.65999999999997,154.11,109.415,25
13892.0,327,20,271,81.75,4.297079327540664,0.8180959929710641,410.01,284.57,102.5025,21
13752.0,467,57,189,77.83333333333333,5.799589796579276,2.1885886759755966,712.84,208.64000000000001,118.80666666666667,61
14446.0,728,223,268,182.0,7.7113168585970975,1.9174831791225675,899.22,314.06,224.805,267
16209.0,480,30,225,120.0,4.823863757323786,1.8795324387773655,744.28,248.19,186.07,39
15754.0,197,24,110,65.66666666666667,4.521640636343317,1.516468623731106,455.67,211.62,151.89000000000001,28
13712.0,60,6,60,60.0,2.584962500721156,0.0,88.2,88.2,88.2,6
15800.0,320,108,218,160.0,6.749835700923703,0.4718970538750853,588.69,402.59000000000003,294.345,109
16469.0,249,139,98,62.25,7.02805590733328,1.9242740891473078,523.17,169.98,130.7925,160
13005.0,153,16,126,76.5,3.932138039759377,0.8314743880097293,318.35,241.1,159.175,19
14981.0,97,8,97,97.0,3.0,0.0,102.12,102.12,102.12,8
17928.0,66,20,44,33.0,4.321928094887363,0.8112781244591328,155.56,106.2,77.78,20
16261.0,288,89,130,72.0,6.355160930202113,1.8630763968474333,597.09,171.87,149.2725,109
17883.0,358,126,170,89.5,6.953485028449354,1.824715071420714,493.34,204.5,123.33500000000001,132
14619.0,132,13,132,132.0,3.7004397181410926,0.0,258.76,258.76,258.76,13
13995.0,857,51,339,171.4,5.434183719779186,2.2000569442251146,1298.79,390.35,259.758,80
16643.0,217,24,217,217.0,4.584962500721156,0.0,401.31,401.31,401.31,24
14246.0,648,51,227,216.0,5.577210272515032,1.5807222217358874,1293.0,471.11,431.0,67
18040.0,146,17,96,73.0,4.058813890331201,0.9182958340544896,340.20000000000005,239.0,170.1,18
16837.0,1274,101,406,141.55555555555554,6.5595632049853325,2.6123211889093545,2080.0,553.7,231.11111111111111,129
15119.0,82,10,82,82.0,3.321928094887362,0.0,162.8,162.8,162.8,10
16325.0,160,12,74,53.333333333333336,3.52164063634332,1.5774062828523452,472.24,178.22,157.41333333333333,14
14924.0,61,8,61,61.0,3.0,0.0,168.05,168.05,168.05,8
15109.0,114,20,114,114.0,4.321928094887363,0.0,318.7,318.7,318.7,20
16623.0,39,5,39,39.0,2.321928094887362,0.0,129.45,129.45,129.45,5
12999.0,248,22,224,124.0,4.436605434317882,0.5586293734521992,273.78,240.18,136.89,23
12717.0,499,46,257,249.5,5.476346910598951,0.9930554830121974,774.03,452.79,387.015,51
13962.0,80,6,56,40.0,2.584962500721156,1.0,82.1,42.9,41.05,6
18036.0,232,77,82,77.33333333333333,6.168794569693689,1.5323106173537147,403.12,149.43,134.37333333333333,94
14958.0,105,27,59,35.0,4.720049960644813,1.5275302083002933,213.88,86.2,71.29333333333334,29
13562.0,669,37,274,223.0,5.073684179450871,1.578306427326721,1459.6100000000001,507.1,486.5366666666667,64
15775.0,66,6,66,66.0,2.584962500721156,0.0,87.9,87.9,87.9,6
17054.0,702,45,259,140.4,5.407574770641921,2.2057284029510815,792.78,249.15,158.55599999999998,54
13548.0,303,102,159,151.5,6.6359051680701215,0.9997615248696312,508.59000000000003,275.33,254.295,110
13508.0,19,9,19,19.0,3.169925001442312,0.0,66.42,66.42,66.42,9
13606.0,124,34,88,62.0,5.087462841250338,0.4305518670104394,148.43,118.31,74.215,34
12447.0,181,22,181,181.0,4.459431618637295,0.0,379.78999999999996,379.78999999999996,379.78999999999996,22
13570.0,158,25,158,158.0,4.643856189774723,0.0,211.64,211.64,211.64,25
13232.0,572,129,166,81.71428571428571,6.836257493801342,2.624333612905803,969.91,229.51,138.5585714285714,177
18129.0,47,12,47,47.0,3.5465935642949384,0.0,99.80000000000001,99.80000000000001,99.80000000000001,13
13632.0,838,106,431,167.6,6.649706084627482,2.181003502393789,1760.1200000000001,834.63,352.024,125
17550.0,81,40,58,27.0,5.3219280948873635,1.2221380190661009,198.41,147.27,66.13666666666667,40
15655.0,312,28,312,312.0,4.807354922057602,0.0,451.67,451.67,451.67,28
16188.0,741,61,366,185.25,5.913787860007857,1.8417872216559723,910.87,388.62,227.7175,63
15214.0,1122,100,400,140.25,6.63840950255376,2.733838415989643,1497.14,489.43,187.14249999999998,101
17574.0,74,7,74,74.0,2.8073549220576046,0.0,155.8,155.8,155.8,7
15737.0,500,50,212,71.42857142857143,5.587275979077018,2.177199913827841,915.94,388.56,130.84857142857143,57
14311.0,89,12,89,89.0,3.584962500721156,0.0,167.97,167.97,167.97,12
12982.0,243,27,243,243.0,4.754887502163471,0.0,363.55,363.55,363.55,27
12701.0,632,44,426,316.0,5.43660543431788,0.9503376699710269,652.45,392.83000000000004,326.225,46
12596.0,234,17,152,117.0,4.058813890331201,0.8524051786494786,288.27,194.05,144.135,18
14273.0,264,22,87,66.0,4.28022625367366,1.941323311748569,559.97,231.35,139.9925,29
12363.0,366,19,276,183.0,4.247927513443588,0.8997437586982626,484.5,251.4,242.25,19
15414.0,329,32,190,109.66666666666667,4.9837880587523955,1.4048269576665082,675.45,325.6,225.15,33
13203.0,726,52,330,181.5,5.690184605506592,1.8340650636348337,798.68,396.38,199.67,53
14628.0,241,16,150,120.5,3.969815782426811,0.9975025463691153,411.71000000000004,208.38,205.85500000000002,17
14326.0,51,6,51,51.0,2.584962500721156,0.0,106.85000000000001,106.85000000000001,106.85000000000001,6
13655.0,470,42,368,235.0,5.34964891257875,0.9108783787500366,753.22,499.92,376.61,46
12910.0,1034,40,294,129.25,5.098496227217932,2.5675926249729866,2297.02,551.28,287.1275,59
13577.0,730,48,260,182.5,5.4763910560648315,1.9491630938827775,1325.5,396.65,331.375,67
15251.0,417,17,145,59.57142857142857,4.0374011976541135,2.5048003829823355,1353.37,387.77,193.3385714285714,19
14111.0,22,3,18,11.0,1.584962500721156,0.9182958340544896,63.3,48.3,31.65,3
16172.0,749,50,232,149.8,5.506241802333487,2.0882295359325607,1091.31,326.47,218.262,67
17972.0,33,27,33,33.0,4.754887502163471,0.0,96.54,96.54,96.54,27
12463.0,748,61,218,187.0,5.79862319040935,1.9870573564291534,1130.18,312.07,282.545,75
17278.0,178,14,178,178.0,3.8073549220576055,0.0,206.09,206.09,206.09,14
14844.0,1299,75,472,324.75,6.0396912040905,1.9153075570915066,1986.51,703.13,496.6275,111
15212.0,30,4,30,30.0,2.0,0.0,59.099999999999994,59.099999999999994,59.099999999999994,4
14998.0,251,66,149,125.5,6.014997302659256,0.9905577004075261,341.87,187.43,170.935,70
13484.0,30,3,30,30.0,1.584962500721156,0.0,202.5,202.5,202.5,3
16697.0,20,13,20,20.0,3.6644977792004623,0.0,50.85,50.85,50.85,14
14931.0,406,26,181,101.5,4.593400348604438,1.8049707582295624,790.88,261.65,197.72,36
18236.0,395,38,110,65.83333333333333,5.147191429566854,2.564526774351481,818.64,171.45000000000002,136.44000000000003,45
13740.0,205,17,205,205.0,4.08746284125034,0.0,234.71,234.71,234.71,17
15230.0,351,23,339,175.5,4.523561956057013,0.2580186686648155,429.6,370.20000000000005,214.8,23
15134.0,683,42,149,85.375,5.189914630904919,2.9157886295958235,1299.55,282.69,162.44375,69
16309.0,463,37,304,231.5,5.171928094887363,0.99819587904281,666.77,334.2,333.385,40
13544.0,104,68,60,52.0,6.072140159802115,0.9905577004075261,205.91,121.55,102.955,70
14262.0,1487,86,274,185.875,6.236758061678179,2.871503173651278,2337.11,514.16,292.13875,138
13134.0,827,76,534,206.75,6.227831381088497,1.5515161282944296,1339.19,722.4,334.7975,79
17589.0,1326,161,445,331.5,7.1496162848777,1.9734109347206523,2086.87,582.82,521.7175,239
16097.0,80,6,80,80.0,2.584962500721156,0.0,110.4,110.4,110.4,6
13122.0,482,50,482,482.0,5.643856189774728,0.0,821.1,821.1,821.1,50
17746.0,23,4,23,23.0,2.0,0.0,63.35,63.35,63.35,4
16175.0,519,39,160,129.75,5.173660689688188,1.9942165286086286,885.09,264.9,221.27249999999998,50
14834.0,620,36,191,103.33333333333333,5.0177233498882945,2.4373386859997535,1235.97,369.0,205.995,55
16348.0,749,145,170,107.0,7.0169695661113565,2.6798130780646052,1128.05,265.45,161.15,207
15147.0,305,22,305,305.0,4.459431618637295,0.0,367.15,367.15,367.15,22
16131.0,1004,39,296,200.8,5.171405583442499,2.053845315395291,1984.6399999999999,696.6,396.928,52
15813.0,422,30,345,211.0,4.906890595608519,0.7219280948873623,728.86,517.15,364.43,30
17058.0,541,46,344,180.33333333333334,5.430632409490747,1.3825264723482733,965.54,507.47,321.84666666666664,54
17704.0,239,23,125,119.5,4.469670487371861,0.9957274520849256,729.99,403.40000000000003,364.995,26
13772.0,529,131,231,176.33333333333334,6.920051448826633,1.5238102592617864,1017.9300000000001,431.41,339.31,163
15935.0,112,10,112,112.0,3.321928094887362,0.0,91.04,91.04,91.04,10
16249.0,660,50,217,132.0,5.623516641218019,1.9682964859256211,1103.39,342.8,220.67799999999997,52
14198.0,216,28,98,54.0,4.773557262275186,1.9724897668749513,466.70000000000005,141.6,116.675,30
13989.0,360,22,227,180.0,4.375222374437917,0.9991421039919088,462.21,244.66,231.10500000000002,29
17930.0,550,22,265,110.0,4.323161167392161,2.012736571251679,707.4,259.02,141.48,29
14154.0,426,40,326,213.0,5.3219280948873635,0.9097361225311662,682.92,407.88,341.46000000000004,40
14206.0,274,19,274,274.0,4.247927513443588,0.0,302.65999999999997,302.65999999999997,302.65999999999997,19
14482.0,697,101,297,116.16666666666667,6.571052326347029,2.079246853073331,1041.28,346.33,173.54666666666665,117
14163.0,293,24,124,73.25,4.478232197413861,1.8623101351622202,1051.6100000000001,598.0,262.9025,31
17601.0,67,8,67,67.0,3.0,0.0,108.45,108.45,108.45,8
17142.0,54,6,54,54.0,2.584962500721156,0.0,119.7,119.7,119.7,6
12457.0,474,44,305,237.0,5.4182958340544936,0.9377342939868041,934.73,614.93,467.365,48
15135.0,41,9,41,41.0,3.169925001442312,0.0,127.15,127.15,127.15,9
16806.0,341,61,102,85.25,5.794512553708404,1.8839606033670586,607.16,180.5,151.79,85
13120.0,12,1,12,12.0,0.0,0.0,30.599999999999998,30.599999999999998,30.599999999999998,1
13516.0,319,36,263,159.5,5.155399311574899,0.699772221773307,607.91,461.91,303.95500000000004,37
14323.0,332,28,210,166.0,4.760647923290102,0.9932338197397066,486.86,243.52,243.43,31
18079.0,948,61,565,316.0,5.886984712845828,1.4494371651855076,571.69,314.95,190.5633333333333,67
12639.0,194,18,194,194.0,4.169925001442313,0.0,325.3,325.3,325.3,18
14700.0,739,73,301,246.33333333333334,6.103894777537567,1.5760548928340032,1344.33,541.15,448.10999999999996,91
15027.0,312,24,107,78.0,4.5638561897747225,1.8186885704510973,514.9,184.25,128.725,25
17367.0,112,31,112,112.0,4.954196310386877,0.0,148.60999999999999,148.60999999999999,148.60999999999999,31
18213.0,232,15,232,232.0,3.906890595608518,0.0,232.48000000000002,232.48000000000002,232.48000000000002,15
13220.0,167,14,71,41.75,3.690116517593666,1.2772018112022605,506.04,214.04000000000002,126.51,17
15985.0,482,22,386,241.0,4.392747410448783,0.7793498372920852,569.1800000000001,467.98,284.59000000000003,26
16193.0,169,17,169,169.0,4.08746284125034,0.0,280.63,280.63,280.63,17
15172.0,1163,93,301,232.6,6.517438615383017,2.284471739723398,1385.88,328.34,277.17600000000004,97
15745.0,395,49,120,98.75,5.562733897918602,1.9706513445519969,905.19,256.25,226.2975,53
17582.0,73,25,73,73.0,4.623516641218014,0.0,99.37,99.37,99.37,26
13474.0,125,55,125,125.0,5.741517417504062,0.0,185.24,185.24,185.24,58
17697.0,89,16,89,89.0,4.0,0.0,298.25,298.25,298.25,16
16639.0,480,42,327,160.0,5.351365993588126,1.3243069511884142,973.1800000000001,553.73,324.3933333333334,44
16947.0,260,18,260,260.0,4.169925001442313,0.0,339.48,339.48,339.48,18
15491.0,1418,86,340,236.33333333333334,6.259269789751367,2.3467247274493377,2349.35,622.27,391.55833333333334,123
16617.0,42,3,42,42.0,1.584962500721156,0.0,79.1,79.1,79.1,3
15265.0,566,58,357,283.0,5.8402239289418505,0.9871377743721863,1076.52,644.23,538.26,60
16226.0,96,5,72,32.0,2.2516291673878226,1.4591479170272448,181.20000000000002,130.8,60.400000000000006,6
18009.0,117,25,117,117.0,4.643856189774723,0.0,177.19,177.19,177.19,25
16399.0,209,61,110,104.5,5.899290889951534,0.9916178297881032,326.0,169.16,163.0,65
14623.0,355,99,103,71.0,6.52772141583798,2.089640528487412,688.3,195.55,137.66000000000003,123
15769.0,36,2,36,36.0,1.0,0.0,122.03999999999999,122.03999999999999,122.03999999999999,2
15625.0,794,41,444,198.5,5.244818349809623,1.5358495023338898,1130.32,645.3199999999999,282.58,55
15508.0,354,70,113,59.0,6.064869077788819,2.3403296464795154,771.13,228.83,128.52166666666668,82
16628.0,1174,74,351,234.8,6.083319677969195,2.296353820765373,1958.04,496.3,391.608,108
13647.0,665,49,257,166.25,5.537294714612063,1.9052921032539258,1134.52,356.62,283.63,61
15594.0,940,78,362,188.0,6.196068503022242,2.0251781628001537,1644.25,611.93,328.85,95
13479.0,130,11,88,65.0,3.418295834054489,0.9798687566511527,261.15,134.4,130.575,12
13376.0,487,42,188,162.33333333333334,5.3349625007211605,1.5679554363198576,834.3100000000001,334.05,278.1033333333333,48
15717.0,70,7,70,70.0,2.8073549220576046,0.0,150.3,150.3,150.3,7
13719.0,447,50,189,89.4,5.614712907393385,2.161341809891695,855.41,261.81,171.082,53
16633.0,992,88,271,165.33333333333334,6.325436949685051,2.4496723941114906,2254.6,625.21,375.76666666666665,120
13101.0,46,6,46,46.0,2.584962500721156,0.0,65.5,65.5,65.5,6
15225.0,218,19,218,218.0,4.247927513443588,0.0,344.70000000000005,344.70000000000005,344.70000000000005,19
14152.0,651,46,357,325.5,5.5016291673878275,0.9684610087601622,592.37,304.31,296.185,48
12733.0,95,20,95,95.0,4.321928094887363,0.0,276.85,276.85,276.85,20
15436.0,556,231,239,185.33333333333334,7.757004348051132,1.5490987908672231,911.15,423.05,303.7166666666667,276
17217.0,22,8,22,22.0,3.0,0.0,97.6,97.6,97.6,8
12656.0,941,64,355,188.2,5.856511886553855,2.0315371855919735,1931.65,612.35,386.33000000000004,87
17734.0,361,34,225,120.33333333333333,5.047291203466791,1.3676534838092662,567.91,381.51,189.3033333333333,37
14905.0,178,12,101,89.0,3.52164063634332,1.0,355.1,209.75,177.55,14
14148.0,6,2,6,6.0,1.0,0.0,29.700000000000003,29.700000000000003,29.700000000000003,2
16103.0,304,20,112,76.0,4.220175521464346,1.8647869792568113,644.6,223.0,161.15,24
14626.0,1205,92,395,301.25,6.465579289298152,1.9582873184483365,2014.3700000000001,691.79,503.59250000000003,103
14868.0,1282,91,256,160.25,6.347404395504058,2.809475168604572,2615.29,554.24,326.91125,134
18246.0,10,1,10,10.0,0.0,0.0,29.5,29.5,29.5,1
13485.0,237,20,237,237.0,4.321928094887363,0.0,394.44,394.44,394.44,20
15517.0,256,25,256,256.0,4.643856189774723,0.0,246.72,246.72,246.72,25
17115.0,260,23,107,86.66666666666667,4.423251796980336,1.497249983196856,555.8000000000001,262.25,185.26666666666668,28
17120.0,112,14,112,112.0,3.8073549220576055,0.0,222.96,222.96,222.96,14
15912.0,184,18,118,92.0,4.169925001442313,0.8524051786494786,254.67000000000002,141.49,127.33500000000001,18
12506.0,21,21,21,21.0,4.39231742277876,0.0,57.6,57.6,57.6,21
12670.0,1035,51,228,207.0,5.5403691251433616,2.2760848924261685,2077.57,496.8,415.514,76
17588.0,70,7,44,35.0,2.725480556997868,0.9910760598382222,428.5,297.8,214.25,9
14759.0,513,63,303,171.0,5.9292830169449715,1.4124245497406671,1073.07,583.27,357.69,70
16185.0,254,27,147,127.0,4.754887502163471,0.9910760598382222,473.26,278.85,236.63,27
13389.0,420,44,203,140.0,5.447408651885229,1.5503479964504263,700.66,309.51,233.5533333333333,45
12354.0,379,40,379,379.0,5.3219280948873635,0.0,682.69,682.69,682.69,40
17631.0,291,33,113,97.0,5.044394119358456,1.5132024522984289,445.29,226.35000000000002,148.43,33
17061.0,570,33,217,81.42857142857143,4.948758439731457,2.3734783265094688,1612.5,588.15,230.35714285714286,50
17718.0,81,5,81,81.0,2.321928094887362,0.0,113.85,113.85,113.85,5
17630.0,134,13,98,67.0,3.7004397181410926,0.7793498372920852,219.39999999999998,164.8,109.7,13
16146.0,327,25,211,163.5,4.606739354015322,0.876716288999464,557.13,385.69,278.565,27
17109.0,567,103,225,94.5,6.646640636343308,1.8827483529406814,811.63,384.74,135.27166666666668,112
16587.0,63,8,63,63.0,3.0,0.0,127.85000000000001,127.85000000000001,127.85000000000001,8
12622.0,65,8,65,65.0,3.0,0.0,123.85,123.85,123.85,8
16750.0,197,67,68,39.4,5.939789041701399,2.0048628184338324,414.13,131.49,82.826,87
13482.0,116,11,116,116.0,3.459431618637298,0.0,184.64,184.64,184.64,11
14512.0,115,16,68,57.5,3.932138039759377,0.9494520153879484,175.63,94.16,87.815,19
17670.0,106,10,106,106.0,3.321928094887362,0.0,173.9,173.9,173.9,10
16834.0,358,24,358,358.0,4.584962500721156,0.0,413.46,413.46,413.46,24
15108.0,471,41,330,157.0,5.299269702741469,1.3589567990915299,975.0500000000001,604.3,325.01666666666665,47
16942.0,758,142,126,84.22222222222223,6.869192194059533,2.938188542483709,1497.61,272.6,166.40111111111113,248
14640.0,716,72,188,119.33333333333333,6.094627553759311,2.473792532758419,1578.78,394.44,263.13,85
16823.0,126,28,126,126.0,4.75,0.0,269.68,269.68,269.68,32
15237.0,1019,85,659,254.75,6.380741985218552,1.442871376333264,1252.38,835.57,313.095,90
12573.0,83,25,83,83.0,4.606739354015322,0.0,150.59,150.59,150.59,27
17854.0,69,13,64,34.5,3.7004397181410926,0.39124356362925566,120.01,111.76,60.005,13
17436.0,90,7,48,45.0,2.725480556997868,0.9910760598382222,216.29999999999998,122.39999999999999,108.14999999999999,9
16965.0,102,21,102,102.0,4.39231742277876,0.0,117.4,117.4,117.4,21
12840.0,1505,67,487,376.25,5.831024648160173,1.862003435907619,2714.27,841.5699999999999,678.5675,113
15891.0,327,53,327,327.0,5.727920454563195,0.0,394.32,394.32,394.32,53
17187.0,80,7,80,80.0,2.8073549220576046,0.0,114.35,114.35,114.35,7
13637.0,398,75,204,132.66666666666666,6.1408567925187,1.2578098548983292,735.05,347.15,245.01666666666665,95
17991.0,23,3,21,11.5,1.5,1.0,67.85,61.95,33.925000000000004,4
16418.0,269,66,100,89.66666666666667,5.953451083171076,1.5034929228100622,490.12,195.75,163.37333333333333,85
16099.0,434,29,206,144.66666666666666,4.753225616242672,1.4785349484605677,731.9,318.3,243.9666666666667,39
15768.0,238,20,98,79.33333333333333,4.2626923908396215,1.5821930667351332,331.03,129.93,110.34333333333332,23
16637.0,632,56,202,158.0,5.797802294866491,1.9888135908748725,891.88,302.5,222.97,57
15223.0,78,6,78,78.0,2.584962500721156,0.0,245.70000000000002,245.70000000000002,245.70000000000002,6
14240.0,402,33,333,201.0,5.003258334775643,0.710676853856123,745.14,599.79,372.57,36
15143.0,148,13,148,148.0,3.7004397181410926,0.0,239.55,239.55,239.55,13
13229.0,59,8,59,59.0,3.0,0.0,123.15,123.15,123.15,8
14973.0,354,24,248,118.0,4.5638561897747225,1.2098003386604828,465.4,289.64,155.13333333333333,25
14271.0,86,9,86,86.0,3.169925001442312,0.0,92.42,92.42,92.42,9
15952.0,334,58,121,83.5,5.754377842334025,1.8838920786574513,670.0400000000001,209.95000000000002,167.51000000000002,76
16227.0,88,6,88,88.0,2.584962500721156,0.0,308.32000000000005,308.32000000000005,308.32000000000005,6
17893.0,97,13,97,97.0,3.7004397181410926,0.0,66.31,66.31,66.31,13
14022.0,375,25,375,375.0,4.643856189774723,0.0,396.8,396.8,396.8,25
15210.0,130,16,130,130.0,4.0,0.0,211.2,211.2,211.2,16
16370.0,612,128,185,153.0,6.784708439979093,1.9783828158167944,977.21,302.18,244.3025,200
15376.0,602,95,365,200.66666666666666,6.507157062328613,1.3821022532543101,1081.01,569.67,360.33666666666664,108
14655.0,470,28,172,117.5,4.7045114597155475,1.9955380299191112,939.2800000000001,254.8,234.82,36
17615.0,87,10,38,29.0,3.321928094887362,1.5709505944546684,195.05,92.7,65.01666666666667,10
16055.0,18,5,18,18.0,2.321928094887362,0.0,78.0,78.0,78.0,5
14149.0,129,17,129,129.0,4.08746284125034,0.0,259.43,259.43,259.43,17
17501.0,157,16,149,78.5,4.0,0.5435644431995964,259.35,231.75,129.675,16
12643.0,50,3,26,25.0,1.584962500721156,0.9182958340544896,73.28,61.199999999999996,36.64,3
15582.0,451,38,253,150.33333333333334,5.193706615167214,1.483436038721623,663.01,283.71000000000004,221.00333333333333,43
16230.0,363,31,193,181.5,4.910992253015045,0.9975025463691153,516.53,266.1,258.265,34
18146.0,153,10,126,76.5,3.321928094887362,0.9709505944546686,160.35000000000002,83.7,80.17500000000001,10
15976.0,234,77,124,117.0,6.202964207440779,0.9942929346520455,375.78000000000003,202.04,187.89,90
12886.0,602,60,310,301.0,5.875,0.9823166080205501,1042.0,586.52,521.0,64
17974.0,459,138,262,153.0,7.042210047998843,1.2015796738531401,651.1,369.38,217.03333333333333,160
13524.0,238,14,80,47.6,3.534219021180341,2.1768589799249654,580.94,152.88,116.18800000000002,23
17955.0,40,7,20,20.0,2.8073549220576046,0.863120568566631,55.599999999999994,47.199999999999996,27.799999999999997,7
16610.0,66,6,66,66.0,2.584962500721156,0.0,75.66,75.66,75.66,6
17394.0,24,2,24,24.0,1.0,0.0,38.4,38.4,38.4,2
14173.0,106,23,38,26.5,4.523561956057013,1.6949249984065076,222.34,87.14000000000001,55.585,23
16258.0,1446,92,509,289.2,6.417437590695495,2.038896239486288,3245.31,1022.6500000000001,649.0620000000001,113
14948.0,613,51,281,102.16666666666667,5.62878349348618,2.2711697103162445,891.71,265.27,148.61833333333334,56
17384.0,52,12,45,26.0,3.52164063634332,0.5916727785823275,122.2,108.75,61.1,14
12593.0,204,13,98,68.0,3.584183719779189,1.5,382.09999999999997,200.0,127.36666666666667,20
14340.0,58,6,58,58.0,2.584962500721156,0.0,134.7,134.7,134.7,6
17429.0,408,29,203,136.0,4.8008128425751515,1.540251345167931,388.92,156.38,129.64000000000001,31
13711.0,138,10,122,69.0,3.2516291673878226,0.8112781244591328,232.16000000000003,170.96,116.08000000000001,12
16027.0,25,4,12,8.333333333333334,2.0,1.5,64.75,29.5,21.583333333333332,4
14515.0,693,57,229,115.5,5.700659416331318,2.2492708251225952,1542.51,486.16,257.085,81
16457.0,68,8,68,68.0,3.0,0.0,161.56,161.56,161.56,8
17527.0,443,39,231,110.75,5.259991029008325,1.7881014646362927,671.86,290.61,167.965,41
14199.0,12,1,12,12.0,0.0,0.0,10.2,10.2,10.2,1
13888.0,244,32,175,122.0,4.9837880587523955,0.9993375041688847,496.02,311.61,248.01,33
14423.0,24,1,24,24.0,0.0,0.0,20.4,20.4,20.4,1
14697.0,58,16,35,29.0,4.0,0.9544340029249649,96.56,71.85,48.28,16
17522.0,548,51,367,109.6,5.616601684782743,1.4898781074637566,649.76,391.11,129.952,58
13867.0,468,42,280,156.0,5.325761458014587,1.2561852304054355,709.54,398.64,236.51333333333332,47
17624.0,544,44,304,272.0,5.447408651885229,0.9967916319816366,747.43,425.28,373.715,45
14393.0,13,5,13,13.0,2.321928094887362,0.0,67.95,67.95,67.95,5
17578.0,54,3,54,54.0,1.584962500721156,0.0,96.3,96.3,96.3,3
13450.0,914,27,276,152.33333333333334,4.556656707462823,2.458443209491974,1272.48,253.98,212.08,56
17423.0,269,23,138,134.5,4.523561956057013,0.9321115676166747,407.79,231.49,203.895,23
18241.0,1016,51,231,59.76470588235294,5.510058513611103,3.7331654799867238,1771.64,270.73,104.21411764705883,91
16319.0,72,3,72,72.0,1.584962500721156,0.0,404.40000000000003,404.40000000000003,404.40000000000003,3
15757.0,406,40,240,203.0,5.297079327540667,0.9402859586706309,672.88,424.02,336.44,42
17174.0,41,4,41,41.0,2.0,0.0,59.9,59.9,59.9,4
18227.0,16,2,16,16.0,1.0,0.0,30.0,30.0,30.0,2
18235.0,1272,88,714,424.0,6.4366054343178964,1.4969320657540086,1477.78,824.54,492.5933333333333,92
13741.0,189,23,71,63.0,4.523561956057013,1.5504949818133702,403.53000000000003,158.77,134.51000000000002,23
12394.0,178,19,178,178.0,4.247927513443588,0.0,331.18,331.18,331.18,19
16832.0,18,5,18,18.0,2.321928094887362,0.0,39.0,39.0,39.0,5
15258.0,118,23,66,59.0,4.523561956057013,0.9986359641585718,386.76,205.9,193.38,23
15552.0,60,17,60,60.0,4.08746284125034,0.0,90.12,90.12,90.12,17
18170.0,237,23,122,79.0,4.458591205867173,1.360388077926312,490.51,274.1,163.50333333333333,27
13723.0,38,5,38,38.0,2.321928094887362,0.0,150.10000000000002,150.10000000000002,150.10000000000002,5
14005.0,1058,47,290,211.6,5.446970534213261,2.2596224153067967,1242.9,561.74,248.58,61
15561.0,237,20,172,59.25,4.321928094887363,1.6192407046368489,480.59000000000003,350.92,120.14750000000001,20
16121.0,572,166,435,286.0,7.277435127199016,0.9295231861792264,817.51,547.47,408.755,200
18142.0,50,5,50,50.0,2.321928094887362,0.0,130.2,130.2,130.2,5
13642.0,143,50,143,143.0,5.643856189774728,0.0,226.03,226.03,226.03,50
13561.0,49,11,49,49.0,3.459431618637298,0.0,39.01,39.01,39.01,11
15704.0,909,66,380,227.25,5.897055208874203,1.6715861399471108,1778.3700000000001,706.0,444.59250000000003,96
16232.0,391,23,147,97.75,4.3515937233487545,1.9295622371662047,788.23,283.57,197.0575,34
17410.0,457,49,194,91.4,5.569702316978282,2.207759599026439,900.27,348.6,180.054,54
13835.0,426,43,153,106.5,5.3766291673878275,1.853264580182652,692.37,296.65,173.09249999999997,48
13427.0,363,20,205,121.0,4.251629167387823,1.4591479170272448,445.34,189.88,148.4466666666667,24
14353.0,64,6,64,64.0,2.584962500721156,0.0,90.6,90.6,90.6,6
13003.0,55,4,31,27.5,1.9219280948873623,0.7219280948873623,89.05000000000001,59.050000000000004,44.525000000000006,5
16756.0,104,12,104,104.0,3.584962500721156,0.0,213.9,213.9,213.9,12
13492.0,340,24,142,113.33333333333333,4.50258340716107,1.5745783758543492,729.24,281.3,243.08,31
18120.0,27,14,27,27.0,3.8073549220576055,0.0,75.35,75.35,75.35,14
12355.0,80,9,80,80.0,3.169925001442312,0.0,219.0,219.0,219.0,9
17723.0,42,3,34,21.0,1.5,0.8112781244591328,163.9,124.30000000000001,81.95,4
14699.0,77,8,77,77.0,3.0,0.0,109.13000000000001,109.13000000000001,109.13000000000001,8
12821.0,68,5,68,68.0,2.321928094887362,0.0,75.72,75.72,75.72,5
13055.0,836,69,553,278.6666666666667,6.093409091335663,1.1426451768765666,1091.61,716.9,363.86999999999995,71
13320.0,1056,74,361,264.0,6.051991885940672,1.8876886164877247,1475.2,536.05,368.79999999999995,102
16357.0,234,24,186,78.0,4.532665279941249,1.1595115491253796,538.6800000000001,348.38,179.56000000000003,27
18242.0,750,63,476,187.5,5.9534850284493706,1.5539431092113885,1629.92,1057.54,407.48,66
15865.0,297,24,131,99.0,4.584962500721156,1.5283688992090207,460.18,172.01999999999998,153.39333333333332,24
14397.0,770,15,106,48.125,3.517662833800216,3.8037568776972357,949.04,100.44,59.315,55
13242.0,130,12,80,43.333333333333336,3.5465935642949384,1.3346791410515946,270.40000000000003,166.4,90.13333333333333,13
12684.0,1439,57,437,239.83333333333334,5.611757554678976,2.304271880321343,1646.19,429.7,274.365,89
14288.0,136,14,136,136.0,3.8073549220576055,0.0,306.0,306.0,306.0,14
15063.0,36,2,36,36.0,1.0,0.0,70.19999999999999,70.19999999999999,70.19999999999999,2
12592.0,228,9,124,114.0,3.093069207771891,0.9852281360342516,350.6,187.8,175.3,14
14591.0,542,112,284,135.5,6.657602518728318,1.7908382922352022,876.86,387.26,219.215,144
13990.0,142,15,142,142.0,3.906890595608518,0.0,292.58,292.58,292.58,15
12749.0,1187,120,599,237.4,6.827190116930485,1.9671482070314454,2636.05,1073.35,527.2099999999999,147
16320.0,686,51,648,343.0,5.6724253419715005,0.5225593745369408,922.64,793.18,461.32,51
14691.0,660,46,261,132.0,5.405422585883287,1.986326255849161,1861.94,657.69,372.38800000000003,67
16229.0,300,42,220,150.0,5.379753126795121,0.7401470427139039,836.6,577.4,418.29999999999995,43
14920.0,409,46,232,204.5,5.5235619560570095,0.9945386816500111,780.25,429.92,390.125,46
17489.0,392,27,232,196.0,4.735926350629031,0.9852281360342516,361.52,208.56,180.76,28
13404.0,111,11,99,55.5,3.459431618637298,0.6840384356390417,252.49,217.81,126.245,11
15729.0,24,4,24,24.0,2.0,0.0,62.0,62.0,62.0,4
16644.0,824,61,749,412.0,5.930737337562883,0.560576942614533,813.88,702.51,406.94,61
14731.0,222,36,85,74.0,5.106603137064475,1.3695904139084134,346.13,119.71,115.37666666666667,42
15187.0,1020,53,236,85.0,5.624083797069064,3.112141375634367,1963.6399999999999,383.03999999999996,163.63666666666666,68
13052.0,120,10,120,120.0,3.321928094887362,0.0,197.65,197.65,197.65,10
17664.0,554,39,361,277.0,5.259991029008325,0.9961344835095796,547.94,285.39,273.97,41
14649.0,587,134,222,146.75,6.974075384049672,1.744157635925688,964.26,398.94,241.065,168
14883.0,705,37,234,117.5,5.079000586942273,2.2404029562285848,722.8,310.56,120.46666666666665,51
12976.0,261,19,261,261.0,4.247927513443588,0.0,303.6,303.6,303.6,19
14681.0,32,2,16,10.666666666666666,0.9182958340544896,1.584962500721156,120.0,60.0,40.0,3
14421.0,355,23,186,177.5,4.483856189774723,0.9895875212220557,728.61,387.18,364.305,25
16116.0,232,27,232,232.0,4.754887502163471,0.0,446.98,446.98,446.98,27
14988.0,138,38,138,138.0,5.247927513443589,0.0,305.29,305.29,305.29,38
15489.0,408,39,217,136.0,5.271928094887363,1.4255741644244848,702.14,319.61,234.04666666666665,40
14364.0,559,40,180,69.875,5.252855596281598,2.6347769845454847,1022.95,298.6,127.86875,45
16006.0,84,8,84,84.0,3.0,0.0,101.4,101.4,101.4,8
16184.0,395,19,126,65.83333333333333,4.014860327200947,2.256594603759768,719.33,226.85000000000002,119.88833333333334,31
17932.0,774,76,386,258.0,6.211210541203454,1.5175470130526745,1188.92,528.0600000000001,396.3066666666667,82
18221.0,626,52,148,125.2,5.672268804433746,2.2843924689259727,905.52,263.82,181.10399999999998,55
14853.0,46,5,28,23.0,2.321928094887362,0.9709505944546686,88.5,49.2,44.25,5
17658.0,80,7,46,40.0,2.8073549220576046,0.9852281360342516,120.56,65.06,60.28,7
17764.0,341,64,233,170.5,6.0,0.7855602922535473,679.35,491.18,339.675,64
14651.0,335,87,178,167.5,6.410126553043522,0.989884644089986,560.3,330.27,280.15,93
14000.0,97,8,97,97.0,3.0,0.0,260.25,260.25,260.25,8
13601.0,476,88,275,238.0,6.3987811411116065,0.987004429810177,663.08,373.2,331.53999999999996,97
17970.0,191,18,191,191.0,4.1219280948873624,0.0,279.33,279.33,279.33,20
15826.0,832,55,402,277.3333333333333,5.7470498290228536,1.2251178371674138,1327.02,679.02,442.34,59
15907.0,464,164,236,154.66666666666666,7.244291562992538,1.4681600234728682,757.32,353.28,252.43999999999997,212
12695.0,156,17,91,39.0,4.08746284125034,1.7322216637616488,342.56,135.21,85.64,17
14873.0,151,20,151,151.0,4.321928094887363,0.0,346.93,346.93,346.93,20
14689.0,75,12,75,75.0,3.584962500721156,0.0,104.85,104.85,104.85,12
15440.0,188,49,76,62.666666666666664,5.53086529508788,1.4818664490374687,307.18,129.02,102.39333333333333,59
16076.0,1098,66,259,122.0,5.7483613572143,2.894932730037059,1982.56,359.39,220.28444444444443,117
15333.0,104,11,104,104.0,3.459431618637298,0.0,238.0,238.0,238.0,11
16283.0,1042,106,470,208.4,6.572529970314824,1.9121765696768769,1282.81,591.69,256.562,148
17263.0,36,23,36,36.0,4.523561956057013,0.0,63.440000000000005,63.440000000000005,63.440000000000005,23
16877.0,451,106,141,75.16666666666667,6.51199840067806,2.5460212331672434,772.77,245.83,128.79500000000002,150
12674.0,758,44,241,189.5,5.278798285828446,1.9680633916315609,1241.3,357.81,310.32500000000005,66
16642.0,243,22,172,121.5,4.436605434317882,0.9656361333706098,428.73,259.4,214.365,23
12871.0,102,6,54,51.0,2.5,0.9544340029249649,120.53999999999999,70.14,60.269999999999996,8
14038.0,963,64,499,321.0,5.857429211327189,1.5023237626766188,1554.48,710.42,518.16,92
14489.0,263,29,263,263.0,4.857980995127571,0.0,433.5,433.5,433.5,29
14888.0,184,20,184,184.0,4.321928094887363,0.0,369.2,369.2,369.2,20
13456.0,642,38,252,128.4,5.148315511382664,2.1333021777852896,1159.72,420.86,231.94400000000002,54
17898.0,142,26,124,71.0,4.6808134280893965,0.8256265261578954,138.14,99.84,69.07,27
13976.0,92,7,92,92.0,2.8073549220576046,0.0,227.96,227.96,227.96,7
16139.0,330,25,175,110.0,4.542748326446119,1.4690640517640445,635.41,329.04,211.8033333333333,31
15730.0,616,60,255,205.33333333333334,5.897950452316981,1.545378825051491,931.41,392.46000000000004,310.47,61
16266.0,372,34,112,53.142857142857146,4.926721298394087,2.6938532276616636,607.99,136.4,86.85571428571428,47
17505.0,542,45,275,271.0,5.451444537992759,0.999699542856517,1006.94,539.85,503.47,49
12690.0,97,13,97,97.0,3.7004397181410926,0.0,265.11,265.11,265.11,13
16446.0,2,2,2,2.0,1.0,0.0,2.9,2.9,2.9,2
17556.0,40,4,40,40.0,2.0,0.0,67.95,67.95,67.95,4
13094.0,18,1,18,18.0,0.0,0.0,53.1,53.1,53.1,1
14583.0,668,231,195,133.6,7.705628668952436,2.2730650952938496,799.4,239.69,159.88,286
16818.0,2018,161,475,183.45454545454547,7.282549688488866,3.0967884949799176,3089.5,650.35,280.8636363636364,177
13572.0,207,19,207,207.0,4.221928094887362,0.0,590.9300000000001,590.9300000000001,590.9300000000001,20
14009.0,355,39,219,177.5,5.285402218862247,0.961236604722876,637.13,371.23,318.565,39
13258.0,204,24,121,68.0,4.506890595608519,1.1700333844140454,483.73,272.26,161.24333333333334,30
14463.0,24,1,24,24.0,0.0,0.0,39.599999999999994,39.599999999999994,39.599999999999994,1
13192.0,589,54,297,294.5,5.706890595608518,1.0,859.14,447.62,429.57,60
16987.0,319,59,108,53.166666666666664,5.669279076912275,2.247320423019893,879.6,311.52,146.6,89
13417.0,126,14,70,63.0,3.773557262275185,0.9182958340544896,290.48,183.68,145.24,15
17047.0,508,49,198,169.33333333333334,5.576977058336781,1.558432904915488,882.9,359.04,294.3,53
15116.0,497,35,178,124.25,5.028045297195474,1.9586076945249928,1092.68,424.9,273.17,41
17469.0,758,53,176,151.6,5.5903115322251,2.2899558251675947,1668.06,441.8,333.61199999999997,80
16647.0,94,10,61,47.0,3.2776134368191165,0.9456603046006402,142.42000000000002,95.95,71.21000000000001,11
15630.0,747,51,510,373.5,5.652448756449988,0.905200296956048,971.8,661.59,485.9,53
17245.0,75,9,75,75.0,3.169925001442312,0.0,171.45,171.45,171.45,9
16008.0,271,28,123,90.33333333333333,4.760647923290102,1.461720593819944,428.26,191.56,142.75333333333333,31
17871.0,86,8,86,86.0,3.0,0.0,131.42000000000002,131.42000000000002,131.42000000000002,8
13529.0,68,13,44,34.0,3.7004397181410926,0.961236604722876,206.06,126.66000000000001,103.03,13
12620.0,838,78,343,279.3333333333333,6.271928094887357,1.5588718484453605,1100.1399999999999,457.26,366.7133333333333,80
15599.0,661,45,357,330.5,5.469482468698917,0.9996734260048917,653.6899999999999,340.78,326.84499999999997,47
12743.0,934,184,195,133.42857142857142,7.458865077962193,2.4534995607617347,1312.02,249.55,187.43142857142857,213
14859.0,611,41,244,152.75,5.248328660365576,1.6291520288502948,1188.84,507.86,297.21000000000004,52
15791.0,575,58,406,287.5,5.8069831976438415,0.8904916402194913,1297.17,939.52,648.585,65
13658.0,897,72,349,179.4,6.0919055977001975,1.9724060039472906,1733.35,640.45,346.66999999999996,86
13887.0,141,16,141,141.0,4.0,0.0,293.95,293.95,293.95,16
12353.0,14,2,14,14.0,1.0,0.0,29.300000000000004,29.300000000000004,29.300000000000004,2
14551.0,103,7,63,51.5,2.75,0.9544340029249649,148.23,87.43,74.11500000000001,8
17166.0,75,11,54,37.5,3.4182958340544896,0.6500224216483541,189.49,110.74,94.745,12
17926.0,160,15,84,80.0,3.8521687236032816,0.9975025463691153,309.23,160.63000000000002,154.615,17
17455.0,64,7,64,64.0,2.8073549220576046,0.0,111.8,111.8,111.8,7
13856.0,108,8,68,36.0,2.94770277922009,1.224394445405986,97.8,63.8,32.6,9
13308.0,509,46,185,169.66666666666666,5.47634691059895,1.5237480655876263,1087.03,516.47,362.3433333333333,51
13243.0,222,50,222,222.0,5.633209655696991,0.0,480.02000000000004,480.02000000000004,480.02000000000004,51
15095.0,412,22,244,103.0,4.377727452691787,1.4850573949220558,790.84,452.12,197.71,33
18048.0,55,5,51,27.5,2.2516291673878226,0.6500224216483541,95.97,92.17,47.985,6
17867.0,137,56,133,45.666666666666664,5.760647923290098,0.3239392150264133,201.54000000000002,185.44,67.17999999999999,62
18287.0,778,46,474,259.3333333333333,5.483856189774728,1.1187890365551307,960.76,513.52,320.25333333333333,50
18150.0,332,29,140,110.66666666666667,4.756618568273184,1.5776623731297443,566.58,227.57999999999998,188.86,37
16690.0,101,9,55,50.5,3.121928094887362,1.0,156.43,86.5,78.215,10
16038.0,238,22,181,79.33333333333333,4.41829583405449,1.158222675578688,424.48,269.65,141.4933333333333,24
13972.0,185,14,145,92.5,3.8073549220576055,0.9852281360342516,174.35,130.0,87.175,14
13227.0,99,9,99,99.0,3.169925001442312,0.0,257.7,257.7,257.7,9
16801.0,223,21,201,74.33333333333333,4.39231742277876,1.1254908068679135,502.33,421.23,167.44333333333336,21
13657.0,130,13,76,65.0,3.7004397181410926,0.9957274520849256,321.0,214.8,160.5,13
17176.0,136,13,136,136.0,3.7004397181410926,0.0,208.03,208.03,208.03,13
14837.0,1242,94,394,310.5,6.497532303359796,1.9666120932103295,1605.2,470.52,401.3,105
14921.0,845,75,559,422.5,6.228818690495891,0.904381457724494,1255.23,857.29,627.615,75
16341.0,806,49,352,201.5,5.512544304705066,1.5606576932610154,1030.38,468.47,257.595,61
14647.0,91,24,91,91.0,4.521640636343318,0.0,236.04000000000002,236.04000000000002,236.04000000000002,28
12710.0,798,69,398,266.0,6.108524456778164,1.1337550893302248,909.8199999999999,590.16,303.2733333333333,69
15292.0,49,19,49,49.0,4.247927513443588,0.0,111.69,111.69,111.69,19
15705.0,6,1,6,6.0,0.0,0.0,19.5,19.5,19.5,1
13339.0,308,42,308,308.0,5.3923174227787625,0.0,664.42,664.42,664.42,42
13885.0,170,24,153,85.0,4.584962500721156,0.5435644431995964,390.2,330.25,195.1,24
12360.0,1088,97,478,362.6666666666667,6.49622422803794,1.5489643437308183,1843.16,825.1800000000001,614.3866666666667,117
13546.0,351,70,143,117.0,6.0118276813727975,1.5668635402665814,547.39,198.76,182.46333333333334,94
13223.0,40,4,40,40.0,2.0,0.0,62.4,62.4,62.4,4
13831.0,189,49,97,47.25,5.579192253693785,0.6942238353636754,522.63,264.83,130.6575,51
18160.0,248,30,143,124.0,4.889680181354619,0.9811522341999133,499.06,286.51,249.53,31
15434.0,458,33,238,91.6,4.881328385912462,1.9772170014624824,802.36,303.3,160.472,48
15734.0,160,15,91,80.0,3.906890595608518,0.9967916319816366,376.35,253.15,188.175,15
13737.0,88,22,88,88.0,4.436605434317882,0.0,185.65,185.65,185.65,23
13213.0,777,67,378,155.4,6.031036112553428,1.966246810127636,1195.13,416.3,239.026,72
18018.0,50,24,48,25.0,4.584962500721156,0.24988229283318547,53.589999999999996,46.089999999999996,26.794999999999998,24
15314.0,265,23,265,265.0,4.523561956057013,0.0,314.05,314.05,314.05,23
17521.0,468,37,214,156.0,5.147194987260237,1.4678179652636156,683.34,317.03999999999996,227.77999999999997,43
15042.0,20,3,20,20.0,1.584962500721156,0.0,46.68,46.68,46.68,3
16091.0,154,16,83,77.0,3.9477027792200903,0.9910760598382222,315.06,157.81,157.53,18
15804.0,2258,142,330,173.69230769230768,6.897137317392616,3.470454485922862,3250.7400000000002,415.99,250.05692307692306,223
14593.0,315,121,212,105.0,6.829511459715565,1.3246095799115578,450.95,277.56,150.31666666666666,144
16763.0,263,17,263,263.0,4.08746284125034,0.0,287.45,287.45,287.45,17
12562.0,1495,90,267,213.57142857142858,6.279482154902806,2.777738624855478,2701.7400000000002,485.0,385.9628571428571,149
12815.0,330,32,230,165.0,4.932138039759378,0.8680403986166403,687.66,418.86,343.83000000000004,38
14522.0,93,8,59,31.0,2.94770277922009,1.3921472236645345,405.26,196.95,135.08666666666667,9
16448.0,74,18,74,74.0,4.169925001442313,0.0,157.49,157.49,157.49,18
14584.0,363,61,108,90.75,5.822245735146442,1.9526360389609303,825.76,254.11,206.44,90
12974.0,17,4,17,17.0,2.0,0.0,77.15,77.15,77.15,4
12987.0,206,21,106,103.0,4.39231742277876,0.9983636725938131,386.7,196.5,193.35,21
14816.0,2,1,2,2.0,0.0,0.0,11.9,11.9,11.9,1
15852.0,44,19,34,22.0,4.247927513443588,0.2974722489192897,109.71000000000001,57.5,54.855000000000004,19
16624.0,207,33,107,103.5,5.003258334775643,0.9640787648082292,439.49,233.91,219.745,36
12493.0,167,16,85,83.5,3.9477027792200903,0.9910760598382222,332.91,179.55,166.455,18
18232.0,293,27,106,73.25,4.635006998015215,1.912065596186507,523.07,214.03,130.7675,33
18073.0,378,15,96,34.36363636363637,3.6679284722924486,3.034009618924603,693.0,195.60000000000002,63.0,31
16369.0,904,85,414,301.3333333333333,6.314982178049322,1.441786128982185,1309.04,544.85,436.34666666666664,108
14280.0,48,6,48,48.0,2.584962500721156,0.0,92.63999999999999,92.63999999999999,92.63999999999999,6
17345.0,238,62,162,59.5,5.872086857133706,1.5046485930690834,375.74,222.60999999999999,93.935,75
16275.0,266,21,266,266.0,4.39231742277876,0.0,322.12,322.12,322.12,21
14338.0,272,25,272,272.0,4.643856189774723,0.0,433.95,433.95,433.95,25
15402.0,202,29,155,101.0,4.793345194191516,0.9596868937742169,396.81,256.39,198.405,34
12876.0,846,54,455,423.0,5.696131794257841,0.9811522341999133,1100.82,699.59,550.4100000000001,62
12426.0,247,25,247,247.0,4.643856189774723,0.0,446.08,446.08,446.08,25
14451.0,376,85,202,188.0,6.327796569081834,0.9997332130219017,626.9,343.0,313.45,104
14823.0,77,47,37,25.666666666666668,5.450273981491889,1.4983315876367924,217.18,91.9,72.39333333333333,59
15897.0,57,16,42,28.5,3.9219280948873623,0.8112781244591328,90.53,81.32000000000001,45.265,20
17051.0,178,39,178,178.0,5.241579138711655,0.0,230.94,230.94,230.94,41
15925.0,90,11,90,90.0,3.459431618637298,0.0,168.9,168.9,168.9,11
12787.0,228,16,144,76.0,4.0,1.4185644431995963,356.26,171.56,118.75333333333333,16
15863.0,16,15,15,8.0,3.906890595608518,0.35335933502142136,42.44,41.19,21.22,15
16483.0,41,16,41,41.0,4.0,0.0,95.7,95.7,95.7,16
13398.0,226,21,226,226.0,4.39231742277876,0.0,383.57,383.57,383.57,21
13070.0,110,9,110,110.0,3.169925001442312,0.0,228.8,228.8,228.8,9
14819.0,69,11,57,34.5,3.459431618637298,0.6840384356390417,176.07,136.35,88.035,11
12790.0,154,16,154,154.0,4.0,0.0,199.42000000000002,199.42000000000002,199.42000000000002,16
15163.0,154,27,106,77.0,4.754887502163471,0.9509560484549725,278.77,155.0,139.385,27
18204.0,1151,143,510,383.6666666666667,7.073606355006812,1.5271892356369776,1653.55,727.34,551.1833333333334,174
16810.0,112,14,112,112.0,3.8073549220576055,0.0,289.64,289.64,289.64,14
15124.0,134,10,88,67.0,3.2776134368191165,0.8453509366224365,126.5,80.80000000000001,63.25,11
16969.0,460,35,351,153.33333333333334,5.129283016944964,1.0693857385344487,522.2,376.97,174.0666666666667,35
13917.0,226,15,190,113.0,3.8521687236032816,0.7871265862012691,252.14000000000001,206.66,126.07,17
16424.0,48,2,48,48.0,1.0,0.0,70.56,70.56,70.56,2
13062.0,32,4,32,32.0,2.0,0.0,65.69999999999999,65.69999999999999,65.69999999999999,4
16484.0,192,22,144,96.0,4.459431618637295,0.9023932827949789,351.90000000000003,233.3,175.95000000000002,22
15184.0,188,53,125,94.0,5.708632440797383,0.8184033299219706,283.45,154.22,141.725,55
18135.0,75,10,24,18.75,3.139572261986723,1.5546097612655665,206.25,84.6,51.5625,15
14453.0,48,21,48,48.0,4.39231742277876,0.0,109.98,109.98,109.98,21
13437.0,1127,107,349,161.0,6.671875,2.3816066142346517,2384.36,885.25,340.6228571428572,128
12517.0,1313,221,412,328.25,7.705175880886177,1.7598908724127433,2138.9,686.25,534.725,263
16529.0,190,26,190,190.0,4.700439718141092,0.0,391.65000000000003,391.65000000000003,391.65000000000003,26
16239.0,214,16,168,107.0,3.969815782426811,0.7871265862012691,321.9,255.6,160.95,17
14500.0,52,3,42,26.0,1.5,0.8112781244591328,218.10000000000002,197.10000000000002,109.05000000000001,4
16117.0,126,28,126,126.0,4.807354922057602,0.0,195.31,195.31,195.31,28
16593.0,51,14,28,25.5,3.75,0.8960382325345575,104.47999999999999,59.8,52.239999999999995,16
13248.0,256,23,202,128.0,4.501629167387823,0.7382848661434506,434.21,356.0,217.10500000000002,24
16967.0,285,20,285,285.0,4.321928094887363,0.0,305.09999999999997,305.09999999999997,305.09999999999997,20
15405.0,83,5,83,83.0,2.321928094887362,0.0,128.84,128.84,128.84,5
16659.0,24,1,24,24.0,0.0,0.0,20.4,20.4,20.4,1
16880.0,623,97,154,89.0,6.421176979157764,2.555066910528857,809.37,207.81,115.62428571428572,132
13435.0,758,55,202,108.28571428571429,5.561153791966291,2.6896759048513723,1881.6100000000001,488.40000000000003,268.8014285714286,74
13131.0,375,25,136,125.0,4.495906598484244,1.5816190528451366,604.3,224.60000000000002,201.43333333333337,36
14891.0,277,25,206,138.5,4.593069207771888,0.74959525725948,468.1,363.09999999999997,234.04999999999998,28
16682.0,278,11,86,55.6,3.3232314287976203,2.256564762130954,363.42,109.25999999999999,72.684,15
15453.0,814,158,264,116.28571428571429,7.090145519009438,2.7539427543914687,1160.12,298.78,165.73142857142855,260
16963.0,35,7,35,35.0,2.8073549220576046,0.0,110.55000000000001,110.55000000000001,110.55000000000001,7
13682.0,8,2,8,8.0,1.0,0.0,34.0,34.0,34.0,2
15462.0,100,7,48,33.333333333333336,2.725480556997868,1.3921472236645345,144.6,64.8,48.199999999999996,9
12449.0,1422,104,485,355.5,6.536285398407792,1.971888964458079,2733.84,946.91,683.46,157
15349.0,269,58,238,134.5,5.8185497647697595,0.6312630180916121,357.46,300.51,178.73,63
16849.0,29,6,29,29.0,2.584962500721156,0.0,84.77,84.77,84.77,6
12802.0,300,23,300,300.0,4.523561956057013,0.0,382.58,382.58,382.58,23
16298.0,176,19,76,58.666666666666664,4.1757358691004915,1.509871837193956,385.2,171.64000000000001,128.4,23
12535.0,203,22,113,101.5,4.378783493486175,0.9666186325481028,577.85,355.55,288.925,28
15386.0,410,30,410,410.0,4.906890595608519,0.0,370.74,370.74,370.74,30
16611.0,47,9,47,47.0,3.121928094887362,0.0,129.49,129.49,129.49,10
17252.0,186,80,184,93.0,6.321928094887356,0.09694460606247315,294.31,282.41,147.155,80
14542.0,19,5,19,19.0,2.321928094887362,0.0,103.25,103.25,103.25,5
16825.0,270,21,202,135.0,4.368522527728205,0.9456603046006402,521.48,392.58,260.74,22
12380.0,877,71,288,219.25,6.05164326652478,1.8853428149085039,1734.0,546.65,433.5,91
13643.0,267,22,147,89.0,4.363713275750189,1.4572659136233872,468.44,260.04,156.14666666666668,26
15073.0,277,31,214,138.5,4.9375,0.8960382325345575,612.43,430.98,306.21500000000003,32
15969.0,90,11,44,30.0,3.459431618637298,1.4949188482339508,272.7,139.2,90.90000000000002,11
13283.0,90,7,60,45.0,2.8073549220576046,0.863120568566631,93.66,68.16,46.83,7
14375.0,182,55,182,182.0,5.706954882778696,0.0,219.66,219.66,219.66,64
17124.0,125,28,125,125.0,4.807354922057602,0.0,262.44,262.44,262.44,28
17987.0,141,10,141,141.0,3.321928094887362,0.0,123.92999999999999,123.92999999999999,123.92999999999999,10
13395.0,224,18,224,224.0,4.169925001442313,0.0,251.28,251.28,251.28,18
17828.0,525,49,357,131.25,5.569702316978282,1.153280756424,861.65,583.51,215.4125,54
15743.0,190,47,82,47.5,5.447613208833769,1.9505630954424311,565.76,236.6,141.44,68
17414.0,60,3,60,60.0,1.584962500721156,0.0,28.0,28.0,28.0,3
14622.0,142,19,142,142.0,4.247927513443588,0.0,288.78000000000003,288.78000000000003,288.78000000000003,19
15609.0,144,13,144,144.0,3.7004397181410926,0.0,257.28000000000003,257.28000000000003,257.28000000000003,13
14561.0,793,60,421,264.3333333333333,5.889680181354615,1.5402513451679312,957.37,420.22999999999996,319.1233333333333,62
16358.0,1301,82,432,325.25,6.258920333911537,1.9705089607276562,2024.95,672.4000000000001,506.23750000000007,109
15238.0,520,44,314,173.33333333333334,5.4594316186372955,1.5394847569315018,731.78,301.8,243.92666666666665,44
13466.0,121,12,121,121.0,3.584962500721156,0.0,197.70000000000002,197.70000000000002,197.70000000000002,12
17360.0,319,106,162,106.33333333333333,6.682330531549203,1.5269330775995429,486.79,299.65,162.26333333333332,117
13510.0,1221,76,386,305.25,6.118254653270796,1.9682647057323939,1558.62,514.39,389.65500000000003,103
16892.0,221,77,74,44.2,6.221155642020059,1.9442190333337799,355.24,113.7,71.048,85
14241.0,146,10,146,146.0,3.321928094887362,0.0,213.70000000000002,213.70000000000002,213.70000000000002,10
14132.0,2084,88,314,189.45454545454547,6.2072853398681405,3.3832428157706893,2708.27,308.36,246.20636363636365,171
14963.0,690,137,179,138.0,6.949228410000674,2.2466076795979064,983.63,255.08,196.726,173
17169.0,476,47,382,238.0,5.533077191053985,0.8886466698980794,741.8100000000001,488.33,370.905,49
15252.0,522,44,423,261.0,5.4594316186372955,0.9023932827949789,740.78,440.23,370.39,44
17731.0,377,40,169,94.25,5.308771516813203,1.6480342671697046,702.65,301.17,175.66250000000002,41
16113.0,55,27,55,55.0,4.754887502163471,0.0,110.15,110.15,110.15,27
12694.0,406,26,276,203.0,4.680813428089397,0.975119064940866,447.62,285.6,223.81,27
16107.0,154,9,74,25.666666666666668,3.0565647621309546,1.9898980954642875,577.9000000000001,217.9,96.31666666666668,15
17483.0,187,16,91,62.333333333333336,3.932138039759377,1.5810309627563695,381.64,139.2,127.21333333333332,19
15679.0,864,90,508,216.0,6.414928650731397,1.086414394747883,690.98,418.78,172.745,102
13686.0,70,8,70,70.0,3.0,0.0,72.0,72.0,72.0,8
16581.0,122,7,122,122.0,2.8073549220576046,0.0,70.44,70.44,70.44,7
17234.0,52,13,52,52.0,3.7004397181410926,0.0,114.04,114.04,114.04,13
17797.0,484,94,245,161.33333333333334,6.515562596873461,1.3536089685626238,644.63,385.9,214.87666666666667,102
16614.0,199,15,199,199.0,3.906890595608518,0.0,305.79,305.79,305.79,15
12409.0,473,22,340,157.66666666666666,4.403856189774723,1.0783220795483648,1646.79,1166.76,548.93,25
15411.0,458,68,239,114.5,6.0330203069286705,1.741974965284774,1009.7,507.25,252.425,77
18281.0,52,5,52,52.0,2.321928094887362,0.0,46.92,46.92,46.92,5
14984.0,46,28,33,23.0,4.807354922057602,0.9402859586706309,89.57000000000001,58.89,44.785,28
12516.0,186,10,122,93.0,3.2776134368191165,0.9456603046006402,270.48,194.6,135.24,11
17265.0,383,100,208,191.5,6.5756112752813225,0.9784493292686189,497.21,325.04,248.60500000000002,116
13617.0,216,27,84,72.0,4.634183719779189,1.578712462921966,444.04,167.56,148.01333333333332,40
17242.0,435,28,323,217.5,4.725480556997867,0.8112781244591328,915.04,599.44,457.52000000000004,36
17289.0,507,81,242,169.0,6.250470003874297,1.4688943569010844,877.57,414.14,292.5233333333333,99
16018.0,147,22,110,73.5,4.418295834054489,1.0,332.46,232.96,166.23000000000002,24
13761.0,630,62,416,315.0,5.9375,0.9823166080205501,974.65,562.4399999999999,487.325,64
13517.0,1201,112,656,400.3333333333333,6.754560120853286,1.4444311118212598,1820.14,947.17,606.7133333333333,124
13936.0,288,24,288,288.0,4.584962500721156,0.0,354.44,354.44,354.44,24
16342.0,102,7,44,25.5,2.5219280948873624,1.6854752972273346,193.96,83.1,48.49,10
14177.0,158,28,62,39.5,4.75,1.51675116337108,445.32,250.0,111.33,32
16205.0,334,67,144,83.5,5.955435711555949,1.579598898033463,609.93,261.7,152.48250000000002,91
12732.0,78,10,78,78.0,3.321928094887362,0.0,178.26000000000002,178.26000000000002,178.26000000000002,10
15036.0,249,101,171,83.0,6.597446216661816,1.04783995751431,341.11,200.57,113.70333333333333,112
13589.0,105,15,83,52.5,3.906890595608518,0.9182958340544896,256.05,182.15,128.025,15
17579.0,254,44,127,84.66666666666667,5.418295834054494,1.2364405016961446,418.95,169.54,139.65,48
15069.0,488,54,488,488.0,5.7548875021634665,0.0,825.48,825.48,825.48,54
17349.0,50,5,50,50.0,2.321928094887362,0.0,35.05,35.05,35.05,5
13080.0,120,6,120,120.0,2.584962500721156,0.0,58.08,58.08,58.08,6
13663.0,79,7,79,79.0,2.8073549220576046,0.0,91.07,91.07,91.07,7
14503.0,1684,104,506,280.6666666666667,6.5849803830736295,2.3518670447581314,2664.66,852.64,444.10999999999996,145
16774.0,234,35,96,58.5,4.952591032002871,1.924673368630172,583.52,207.4,145.88,46
13384.0,1662,107,572,237.42857142857142,6.641846094083333,2.505928919394669,2848.01,899.36,406.85857142857145,126
17101.0,410,25,200,136.66666666666666,4.491443355765327,1.402081402756032,1067.18,654.2,355.7266666666667,34
14997.0,244,11,96,81.33333333333333,3.459431618637298,1.5726236638951638,234.32,107.52,78.10666666666667,11
17155.0,142,14,104,71.0,3.8073549220576055,0.9852281360342516,78.2,57.2,39.1,14
12809.0,210,21,210,210.0,4.39231742277876,0.0,338.46000000000004,338.46000000000004,338.46000000000004,21
16461.0,42,25,42,42.0,4.623516641218015,0.0,76.67,76.67,76.67,26
13343.0,125,15,125,125.0,3.906890595608518,0.0,253.93,253.93,253.93,15
12624.0,342,30,198,171.0,4.889680181354619,0.9932338197397066,492.78,292.44,246.39,31
18165.0,134,9,134,134.0,3.169925001442312,0.0,177.66,177.66,177.66,9
16324.0,266,96,177,88.66666666666667,6.52880448638092,1.057900482277805,369.89,210.57,123.29666666666667,107
17651.0,2341,134,637,234.1,6.836058839200158,3.0481098671510067,3582.3,791.13,358.23,212
14222.0,474,37,474,474.0,5.209453365628954,0.0,576.5,576.5,576.5,37
15585.0,318,30,318,318.0,4.906890595608519,0.0,439.4,439.4,439.4,30
17490.0,595,52,234,85.0,5.664497779200466,2.431433942224374,1091.25,242.3,155.89285714285714,56
16739.0,98,10,98,98.0,3.321928094887362,0.0,228.29999999999998,228.29999999999998,228.29999999999998,10
16276.0,84,4,84,84.0,2.0,0.0,177.0,177.0,177.0,4
17193.0,346,9,96,49.42857142857143,2.888360196298891,2.697474999535274,1070.66,299.04,152.95142857142858,23
14285.0,134,10,78,33.5,3.238901256602631,1.669180336866731,368.78000000000003,177.9,92.19500000000001,13
17642.0,434,32,280,217.0,4.939183095358683,0.9352691398683566,635.49,363.5,317.745,37
12816.0,107,17,70,53.5,4.08746284125034,0.9366673818775626,265.90000000000003,166.4,132.95,17
13575.0,443,39,150,88.6,5.232158891364568,2.2154486807681,674.5699999999999,216.86,134.91400000000002,44
17157.0,169,11,99,84.5,3.3927474104487847,0.961236604722876,306.55,157.54000000000002,153.275,13
16852.0,51,6,48,25.5,2.584962500721156,0.6500224216483541,70.96000000000001,56.11000000000001,35.480000000000004,6
15219.0,32,3,32,32.0,1.584962500721156,0.0,152.8,152.8,152.8,3
15014.0,99,29,81,49.5,4.8125,0.3372900666170139,175.17000000000002,139.94,87.585,32
14765.0,76,34,58,25.333333333333332,5.072140159802107,0.8402626506038278,159.76,95.86,53.25333333333333,35
16869.0,422,104,128,105.5,6.651084443403421,1.9723091978112715,670.99,236.54,167.7475,116
15909.0,98,7,98,98.0,2.8073549220576046,0.0,191.94,191.94,191.94,7
13618.0,162,11,162,162.0,3.459431618637298,0.0,154.54,154.54,154.54,11
16050.0,48,5,48,48.0,2.321928094887362,0.0,77.48,77.48,77.48,5
17879.0,42,5,42,42.0,2.321928094887362,0.0,154.67,154.67,154.67,5
17562.0,669,44,254,95.57142857142857,5.327475464579407,2.6546487224649167,1063.82,256.65999999999997,151.9742857142857,59
15334.0,272,66,114,90.66666666666667,5.9012073008385,1.5756271478996633,340.87,127.53,113.62333333333333,97
12450.0,88,7,64,44.0,2.8073549220576046,0.5916727785823275,131.88,101.88,65.94,7
13568.0,64,39,64,64.0,5.259991029008325,0.0,169.20000000000002,169.20000000000002,169.20000000000002,41
14820.0,243,21,87,60.75,4.323856189774723,1.9690255736436506,423.79,139.77,105.9475,25
16744.0,694,184,210,99.14285714285714,7.42989615451013,2.7672612079367425,1034.02,259.05,147.71714285714285,221
15700.0,317,78,315,158.5,6.278464292480902,0.09794058271817413,559.58,555.68,279.78999999999996,79
17299.0,508,46,195,127.0,5.47634691059895,1.7277140136387448,532.25,183.44,133.0625,51
12837.0,17,7,17,17.0,2.8073549220576046,0.0,58.75,58.75,58.75,7
15076.0,562,44,562,562.0,5.4594316186372955,0.0,771.3,771.3,771.3,44
15921.0,104,19,104,104.0,4.247927513443588,0.0,151.06,151.06,151.06,19
15747.0,310,47,128,103.33333333333333,5.332684931236285,1.4682380001855653,631.09,275.32,210.36333333333334,82
15840.0,308,23,170,154.0,4.501629167387823,0.9544340029249649,307.9,211.07999999999998,153.95,24
15016.0,68,14,68,68.0,3.8073549220576055,0.0,100.24000000000001,100.24000000000001,100.24000000000001,14
12904.0,242,52,122,121.0,5.631615665225587,0.987956501491916,338.21,172.79,169.105,62
15825.0,176,17,176,176.0,4.08746284125034,0.0,199.44,199.44,199.44,17
15280.0,124,15,124,124.0,3.906890595608518,0.0,87.62,87.62,87.62,15
17159.0,1053,91,515,351.0,6.4807958340544936,1.5360733494417516,1432.3,593.43,477.43333333333334,96
15507.0,140,33,140,140.0,5.003258334775643,0.0,296.76,296.76,296.76,36
18252.0,222,81,206,111.0,6.315273289078883,0.16082302082246938,377.27,347.27,188.635,85
16526.0,102,11,102,102.0,3.459431618637298,0.0,237.66,237.66,237.66,11
17695.0,471,27,241,235.5,4.720049960644813,0.9991421039919088,607.94,328.58,303.97,29
12930.0,217,19,112,108.5,4.1757358691004915,0.9876925088958034,383.71000000000004,202.91,191.85500000000002,23
14960.0,140,21,120,70.0,4.303508854797679,0.41381685030363374,188.12,99.82,94.06,24
17960.0,41,26,41,41.0,4.700439718141092,0.0,73.78,73.78,73.78,26
15412.0,23,7,23,23.0,2.8073549220576046,0.0,49.79,49.79,49.79,7
13849.0,994,84,674,497.0,6.373977978607344,0.9293636260137187,1325.55,847.47,662.775,87
16114.0,43,8,43,43.0,3.0,0.0,135.75000000000003,135.75000000000003,135.75000000000003,8
13420.0,81,5,62,40.5,2.321928094887362,0.9709505944546686,68.1,38.4,34.05,5
13780.0,160,53,143,80.0,5.717850465126429,0.6051865766334206,247.31,216.83,123.655,54
17877.0,90,11,90,90.0,3.459431618637298,0.0,158.01,158.01,158.01,11
16247.0,47,11,47,47.0,3.459431618637298,0.0,56.28,56.28,56.28,11
15041.0,100,64,100,100.0,6.0,0.0,151.48,151.48,151.48,64
12379.0,353,37,194,176.5,5.209453365628954,0.9994730201859836,734.49,372.09,367.245,37
16287.0,82,7,82,82.0,2.8073549220576046,0.0,125.22000000000001,125.22000000000001,125.22000000000001,7
12919.0,590,31,176,98.33333333333333,4.805745651521058,2.320971472947382,1141.36,316.22,190.2266666666667,46
15130.0,197,22,197,197.0,4.459431618637295,0.0,330.11,330.11,330.11,22
12704.0,657,50,154,82.125,5.499290889951534,2.5649024397016134,1180.98,280.81,147.6225,65
17370.0,418,27,128,104.5,4.720049960644813,1.9903513586196353,398.21999999999997,114.47999999999999,99.55499999999999,29
17709.0,13,4,13,13.0,2.0,0.0,58.25,58.25,58.25,4
15253.0,767,49,256,153.4,5.603856189774728,1.8935368234273036,844.39,321.24,168.878,50
13300.0,201,20,201,201.0,4.321928094887363,0.0,365.29,365.29,365.29,20
17759.0,452,74,377,150.66666666666666,6.153224108250239,0.818125409661201,665.46,519.3100000000001,221.82000000000002,82
12465.0,421,43,242,210.5,5.426264754702098,0.996485989886783,613.1899999999999,350.24,306.595,43
12412.0,728,41,308,242.66666666666666,5.271640636343321,1.5303120366919818,1115.04,464.58000000000004,371.68,56
12697.0,390,34,160,130.0,5.058813890331199,1.495538029919111,658.14,310.5,219.38,36
13937.0,87,8,87,87.0,3.0,0.0,128.25,128.25,128.25,8
12615.0,977,74,274,244.25,6.147194987260239,1.980053468190123,1552.99,443.73,388.2475,86
15850.0,225,84,167,112.5,6.35851976299633,0.9967916319816366,202.97,108.77,101.485,90
15186.0,163,14,114,81.5,3.75,0.9886994082884974,349.85,209.1,174.925,16
13791.0,24,1,24,24.0,0.0,0.0,17.28,17.28,17.28,1
14795.0,1,1,1,1.0,0.0,0.0,4.25,4.25,4.25,1
17768.0,807,60,543,269.0,5.826107119467823,1.3163841821582845,1360.91,713.33,453.6366666666667,72
18112.0,100,18,71,50.0,4.169925001442313,0.9182958340544896,198.52,109.67,99.25999999999999,18
12548.0,48,4,48,48.0,2.0,0.0,67.19999999999999,67.19999999999999,67.19999999999999,4
17386.0,66,8,40,22.0,3.0,1.2987949406953985,154.70000000000002,75.8,51.56666666666666,8
14104.0,67,17,67,67.0,4.08746284125034,0.0,69.71,69.71,69.71,17
17110.0,42,8,42,42.0,3.0,0.0,76.1,76.1,76.1,8
13895.0,1094,91,383,273.5,6.433082988254538,1.9201616068413614,2139.7200000000003,721.41,534.93,108
16545.0,30,2,30,30.0,1.0,0.0,101.7,101.7,101.7,2
14351.0,12,1,12,12.0,0.0,0.0,51.0,51.0,51.0,1
16824.0,230,20,130,115.0,4.2626923908396215,0.9986359641585718,402.74,221.24,201.37,23
17750.0,2216,98,515,246.22222222222223,6.354561889844209,2.896988256152803,1109.66,288.08,123.29555555555557,155
16200.0,493,136,276,246.5,7.027104825324745,0.9095681334505736,854.4200000000001,438.15000000000003,427.21000000000004,157
14383.0,569,41,306,189.66666666666666,5.293295834054493,1.497492414092985,903.67,473.52,301.22333333333336,48
13461.0,166,7,124,55.333333333333336,2.7219280948873625,1.295461844238322,329.8,247.6,109.93333333333334,10
15537.0,27,22,27,27.0,4.459431618637295,0.0,86.02,86.02,86.02,22
14327.0,139,12,139,139.0,3.584962500721156,0.0,311.65,311.65,311.65,12
17837.0,465,97,150,58.125,6.427113284632132,2.781890722460301,1079.63,374.83,134.95375,140
17949.0,88,2,24,22.0,0.8112781244591328,2.0,363.28,129.35999999999999,90.82,4
12424.0,256,21,240,128.0,4.39231742277876,0.7918583525674836,703.72,621.72,351.86,21
15578.0,51,12,51,51.0,3.584962500721156,0.0,119.15,119.15,119.15,12
15584.0,264,79,115,66.0,6.155959826984017,1.9675398543732565,558.96,205.82,139.74,110
13745.0,378,21,378,378.0,4.39231742277876,0.0,232.85999999999999,232.85999999999999,232.85999999999999,21
16498.0,41,14,38,20.5,3.8073549220576055,0.37123232664087563,78.17,68.42,39.085,14
17891.0,393,34,393,393.0,5.087462841250338,0.0,203.85999999999999,203.85999999999999,203.85999999999999,34
17123.0,150,8,150,150.0,3.0,0.0,263.7,263.7,263.7,8
16866.0,50,7,27,16.666666666666668,2.75,1.2987949406953985,108.24000000000001,53.79,36.080000000000005,8
13730.0,429,31,228,214.5,4.923181998146335,0.9993375041688847,522.55,320.95,261.275,33
16589.0,368,31,212,122.66666666666667,4.923181998146335,1.4353713907745331,459.24,244.56,153.08,33
12922.0,298,26,298,298.0,4.700439718141092,0.0,377.3,377.3,377.3,26
16009.0,333,59,187,83.25,5.804749265020052,0.8598552662512415,665.1600000000001,354.94,166.29,67
14053.0,25,2,25,25.0,1.0,0.0,41.75,41.75,41.75,2
17939.0,40,12,40,40.0,3.584962500721156,0.0,99.14,99.14,99.14,12
17312.0,59,9,58,29.5,3.1219280948873624,0.4689955935892812,96.35000000000001,95.4,48.175000000000004,10
13833.0,99,19,99,99.0,4.247927513443588,0.0,225.45,225.45,225.45,19
17899.0,95,24,95,95.0,4.5465935642949376,0.0,94.34,94.34,94.34,26
17781.0,23,7,23,23.0,2.8073549220576046,0.0,62.17,62.17,62.17,7
15007.0,68,11,68,68.0,3.459431618637298,0.0,146.96,146.96,146.96,11
17464.0,76,8,76,76.0,3.0,0.0,248.20000000000002,248.20000000000002,248.20000000000002,8
18265.0,293,34,218,146.5,5.072140159802107,0.863120568566631,609.11,415.40000000000003,304.555,35
16344.0,18,1,18,18.0,0.0,0.0,101.10000000000001,101.10000000000001,101.10000000000001,2
13338.0,170,14,170,170.0,3.8073549220576055,0.0,290.02,290.02,290.02,14
17024.0,69,2,25,23.0,0.9182958340544896,1.584962500721156,95.85,39.599999999999994,31.95,3
13414.0,374,22,368,187.0,4.459431618637295,0.4394969869215134,568.5,532.8,284.25,22
14034.0,225,72,109,75.0,6.148818690495891,0.9158222797306772,309.04,153.32,103.01333333333332,75
18203.0,39,16,39,39.0,4.0,0.0,126.07,126.07,126.07,16
16616.0,368,30,260,184.0,4.875,0.8960382325345575,420.52,290.32,210.26,32
16338.0,93,10,93,93.0,3.321928094887362,0.0,199.85,199.85,199.85,10
17046.0,240,14,240,240.0,3.8073549220576055,0.0,248.6,248.6,248.6,14
13109.0,476,39,254,238.0,5.225186429663006,0.9967916319816366,743.5,393.35,371.75,45
16829.0,97,10,97,97.0,3.321928094887362,0.0,181.32,181.32,181.32,10
14002.0,568,35,518,284.0,5.129283016944964,0.7755126581331477,368.59999999999997,237.26,184.3,35
17045.0,98,18,68,49.0,4.142664355548851,0.7424875695421236,210.24,152.84,105.12,19
12977.0,10,7,10,10.0,2.8073549220576046,0.0,10.74,10.74,10.74,7
13291.0,231,39,231,231.0,5.271928094887364,0.0,338.41,338.41,338.41,40
13583.0,531,48,531,531.0,5.5849625007211605,0.0,691.05,691.05,691.05,48
16929.0,751,50,200,107.28571428571429,5.515668950368709,2.714909913423586,1211.81,229.14000000000001,173.1157142857143,71
17892.0,70,24,66,35.0,4.584962500721156,0.24988229283318547,121.1,110.9,60.550000000000004,24
15505.0,926,66,418,185.2,6.03623844418911,2.0880975994704625,1790.04,431.52,358.008,67
18013.0,153,28,129,76.5,4.807354922057602,0.22228483068568797,129.81,119.73,64.905,28
13681.0,356,36,150,89.0,4.985460849691615,1.951384567832849,796.0300000000001,311.72,199.00750000000002,55
13699.0,36,4,36,36.0,2.0,0.0,70.08000000000001,70.08000000000001,70.08000000000001,4
14493.0,1147,82,270,229.4,6.2323607846294085,2.3070179876727526,2026.63,484.02,405.326,106
13486.0,621,61,343,207.0,5.930737337562883,1.5045643034921028,999.55,514.49,333.18333333333334,61
16012.0,625,79,214,208.33333333333334,6.2682144655494705,1.5159765472317406,984.87,399.12,328.29,85
12635.0,1001,86,605,500.5,6.402964207440775,0.9871377743721863,1357.69,728.05,678.845,90
17031.0,205,18,125,102.5,4.106603137064474,0.9587118829771318,317.95,225.95,158.975,21
12461.0,256,29,256,256.0,4.857980995127571,0.0,419.08,419.08,419.08,29
12648.0,154,19,154,154.0,4.247927513443588,0.0,255.3,255.3,255.3,19
18121.0,408,27,391,204.0,4.681727678869737,0.35335933502142136,615.8,592.55,307.9,30
15901.0,283,94,118,94.33333333333333,6.49708523587909,1.525402260867137,272.76,110.46,90.92,103
15920.0,98,52,54,24.5,5.632560210342117,1.5648916260648653,158.55,89.11,39.637499999999996,59
18024.0,37,16,37,37.0,4.0,0.0,67.63,67.63,67.63,16
15467.0,305,40,177,101.66666666666667,5.226251077223195,1.3721815340481671,486.93,275.42,162.31,51
16174.0,188,15,168,94.0,3.875,0.5435644431995964,313.0,258.4,156.5,16
13678.0,104,5,104,104.0,2.321928094887362,0.0,72.56,72.56,72.56,5
15045.0,42,4,42,42.0,2.0,0.0,60.06,60.06,60.06,4
13058.0,51,4,25,17.0,1.950212064914747,1.4488156357251847,261.45000000000005,123.75,87.15000000000002,7
14552.0,89,56,89,89.0,5.807354922057609,0.0,156.27,156.27,156.27,56
12556.0,346,93,189,173.0,6.456489965410238,0.9952525494396791,513.66,259.15999999999997,256.83,111
17966.0,193,40,117,96.5,5.3219280948873635,0.4689955935892812,155.43,120.98,77.715,40
12358.0,202,9,108,101.0,3.09306920777189,0.9402859586706309,878.22,509.16,439.11,14
13207.0,130,7,72,65.0,2.75,0.9544340029249649,250.26000000000002,197.52000000000004,125.13000000000002,8
12722.0,518,44,366,259.0,5.4594316186372955,0.9624127354629923,726.1,482.58,363.05,44
17268.0,28,2,28,28.0,1.0,0.0,35.0,35.0,35.0,2
17405.0,675,63,317,225.0,5.9534850284493706,1.4836473894734474,690.07,322.84000000000003,230.02333333333334,66
13311.0,210,18,176,105.0,4.142664355548851,0.4854607607459134,408.82000000000005,300.36,204.41000000000003,19
15051.0,809,122,492,269.6666666666667,6.8869847128458375,1.4923766152138844,1186.13,665.51,395.3766666666667,134
15895.0,10,9,10,10.0,3.169925001442312,0.0,21.85,21.85,21.85,9
15795.0,536,35,536,536.0,5.129283016944964,0.0,495.52,495.52,495.52,35
13669.0,108,6,96,54.0,2.584962500721156,0.9182958340544896,160.2,124.8,80.1,6
16450.0,200,11,200,200.0,3.459431618637298,0.0,311.92,311.92,311.92,11
13667.0,144,77,144,144.0,6.259761193221231,0.0,252.20000000000002,252.20000000000002,252.20000000000002,78
14400.0,228,20,228,228.0,4.321928094887363,0.0,311.48,311.48,311.48,20
14265.0,313,20,266,156.5,4.321928094887363,0.9709505944546686,333.43,183.9,166.715,20
14847.0,110,10,110,110.0,3.321928094887362,0.0,218.4,218.4,218.4,10
14862.0,510,39,288,255.0,5.271928094887364,0.9837082626231857,727.62,462.08,363.80999999999995,40
16488.0,294,20,118,98.0,4.321928094887363,1.5394910703001345,283.7,136.56,94.56666666666668,20
15256.0,55,6,55,55.0,2.584962500721156,0.0,98.45,98.45,98.45,6
14716.0,229,41,125,114.5,5.314075318551896,0.9709505944546686,213.85,112.11,106.925,45
13933.0,201,22,109,100.5,4.459431618637295,0.976020648236615,576.99,307.8,288.495,22
14857.0,430,47,266,215.0,5.543295834054494,0.9886994082884974,923.7,558.6,461.85,48
15306.0,563,47,293,187.66666666666666,5.543295834054494,1.4423276252944186,854.02,467.53000000000003,284.67333333333335,48
15839.0,586,54,265,195.33333333333334,5.706890595608518,1.5165193137939312,994.46,440.03,331.4866666666667,60
13994.0,871,111,327,145.16666666666666,6.678486430304055,2.046524228618933,2002.19,672.01,333.6983333333333,135
17554.0,583,42,299,116.6,5.114760932585039,1.8306653912667898,1220.91,488.43,244.18200000000002,63
14332.0,259,18,188,86.33333333333333,4.1219280948873624,1.1883763717345075,559.05,395.2,186.35,20
17266.0,145,54,112,48.333333333333336,5.632961578388308,1.169294771987581,226.03,152.16,75.34333333333333,67
15004.0,506,135,506,506.0,7.076815597050856,0.0,823.6,823.6,823.6,135
14722.0,115,25,115,115.0,4.643856189774723,0.0,154.57,154.57,154.57,25
13507.0,1420,127,683,355.0,6.955109900073859,1.724851230365304,1991.61,1034.26,497.90250000000003,136
13967.0,6,1,6,6.0,0.0,0.0,35.7,35.7,35.7,1
16054.0,331,55,331,331.0,5.7813597135246555,0.0,608.5600000000001,608.5600000000001,608.5600000000001,55
12833.0,145,17,145,145.0,4.08746284125034,0.0,307.03000000000003,307.03000000000003,307.03000000000003,17
17984.0,96,46,96,96.0,5.5235619560570095,0.0,131.68,131.68,131.68,46
12589.0,288,22,208,144.0,4.392747410448783,0.8403586716091171,417.28,329.28,208.64,26
16762.0,476,49,191,158.66666666666666,5.537294714612063,1.4989412594464813,1110.3400000000001,493.55,370.1133333333334,61
13940.0,404,33,130,101.0,4.977709911169939,1.9711943398610128,648.5600000000001,192.60000000000002,162.14000000000001,39
14029.0,150,12,134,75.0,3.584962500721156,0.9182958340544896,315.66,252.46,157.83,12
14117.0,72,3,72,72.0,1.584962500721156,0.0,90.0,90.0,90.0,3
13167.0,312,42,108,78.0,5.308758439731458,1.9135209511274698,482.15999999999997,136.64,120.53999999999999,50
17779.0,341,64,245,113.66666666666667,5.941931802572798,1.4821201819403507,490.96,294.09,163.65333333333334,71
13991.0,657,58,261,109.5,5.745289857076015,2.1047696998754377,716.5,205.51,119.41666666666667,75
18101.0,81,35,62,40.5,5.0701673160182334,0.8680403986166403,162.7,112.17,81.35,38
13827.0,122,69,54,40.666666666666664,6.058994332902697,1.5782179875471218,237.65,92.29,79.21666666666667,77
12560.0,1027,84,745,513.5,6.334962500721161,0.8426578772022391,1722.46,1129.76,861.23,96
13629.0,217,18,217,217.0,4.169925001442313,0.0,281.01,281.01,281.01,18
18180.0,1250,98,332,208.33333333333334,6.555722918790061,2.5607219479948813,1637.38,303.36,272.8966666666667,108
12521.0,301,34,301,301.0,5.087462841250338,0.0,499.03,499.03,499.03,34
17866.0,62,6,62,62.0,2.584962500721156,0.0,166.85000000000002,166.85000000000002,166.85000000000002,6
17229.0,184,38,107,92.0,5.175735869100489,0.9108783787500366,308.81,161.05,154.405,46
16464.0,688,141,272,229.33333333333334,6.9920606401462475,1.5545919292116712,1087.25,510.81,362.4166666666667,215
17962.0,90,31,90,90.0,4.9375,0.0,82.02,82.02,82.02,32
16149.0,212,16,120,106.0,4.0,0.9544340029249649,251.24,154.56,125.62,16
18143.0,557,52,306,278.5,5.680813428089393,0.9990102708804813,895.8100000000001,464.28000000000003,447.90500000000003,54
14259.0,66,4,66,66.0,2.0,0.0,104.1,104.1,104.1,4
17935.0,81,27,76,40.5,4.735926350629031,0.37123232664087563,137.29,126.07000000000001,68.64500000000001,28
14517.0,75,11,63,37.5,3.459431618637298,0.6840384356390417,192.55,162.25,96.275,11
17694.0,136,14,136,136.0,3.8073549220576055,0.0,251.92000000000002,251.92000000000002,251.92000000000002,14
17660.0,120,36,120,120.0,5.155399311574899,0.0,168.8,168.8,168.8,37
14866.0,72,22,18,14.4,4.436605434317883,1.173185867971725,314.47,107.10000000000001,62.894000000000005,23
15380.0,100,12,62,25.0,3.52164063634332,1.7244078178625923,260.64,109.74000000000001,65.16,14
15623.0,117,15,117,117.0,3.906890595608518,0.0,229.43,229.43,229.43,15
15829.0,640,36,342,320.0,5.1136495655936915,0.9961344835095796,517.8199999999999,276.18,258.90999999999997,41
15232.0,406,22,332,203.0,4.459431618637295,0.7732266742876346,358.06,260.36,179.03,22
12627.0,2229,148,656,371.5,7.047893599013433,2.5307916316772734,3675.3,1005.02,612.5500000000001,202
16711.0,105,7,69,35.0,2.8073549220576046,1.1488348542809168,273.03000000000003,208.35000000000002,91.01,7
13079.0,62,2,24,12.4,0.9182958340544896,2.2516291673878226,220.10000000000002,112.9,44.02,6
18262.0,182,13,182,182.0,3.7004397181410926,0.0,149.48,149.48,149.48,13
13563.0,140,40,111,70.0,5.3219280948873635,0.6690158350565576,375.13,240.08,187.565,40
13029.0,74,7,50,37.0,2.8073549220576046,0.863120568566631,116.5,91.3,58.25,7
15506.0,655,111,377,218.33333333333334,6.670322440423756,1.5318983249829086,738.21,345.85,246.07000000000002,150
16305.0,256,22,256,256.0,4.459431618637295,0.0,361.21999999999997,361.21999999999997,361.21999999999997,22
12864.0,12,1,12,12.0,0.0,0.0,10.2,10.2,10.2,1
17724.0,265,30,112,88.33333333333333,4.875,1.5461796919474975,782.85,271.95,260.95,32
17703.0,590,47,214,196.66666666666666,5.4630001679914395,1.5830303714862595,798.74,307.78,266.24666666666667,55
13116.0,270,21,270,270.0,4.39231742277876,0.0,291.29,291.29,291.29,21
14019.0,631,34,249,210.33333333333334,4.913257072378066,1.5457396777378705,981.11,379.39,327.03666666666663,58
17649.0,390,47,390,390.0,5.55458885167764,0.0,774.74,774.74,774.74,47
16178.0,90,7,90,90.0,2.8073549220576046,0.0,150.1,150.1,150.1,7
17040.0,152,12,152,152.0,3.584962500721156,0.0,159.78,159.78,159.78,12
14100.0,57,21,57,57.0,4.368522527728205,0.0,144.25,144.25,144.25,22
16557.0,70,6,62,35.0,2.584962500721156,0.9182958340544896,174.1,135.7,87.05,6
13296.0,74,4,74,74.0,2.0,0.0,53.4,53.4,53.4,4
13814.0,756,32,434,378.0,4.923856189774725,0.9953784388202258,1334.22,858.18,667.11,50
16364.0,254,42,153,127.0,5.368522527728204,0.9985090989176322,467.64,252.69,233.82,44
17693.0,226,14,226,226.0,3.8073549220576055,0.0,161.51999999999998,161.51999999999998,161.51999999999998,14
15618.0,424,35,239,106.0,5.0648690777888135,1.7241929355557781,710.131,357.81,177.53275,41
13930.0,274,15,210,137.0,3.8521687236032816,0.9774178175281716,337.34,210.0,168.67,17
13379.0,595,83,304,198.33333333333334,6.320546298486138,1.4390958059448642,521.36,256.58,173.78666666666663,94
13194.0,26,3,26,26.0,1.584962500721156,0.0,60.7,60.7,60.7,3
16447.0,72,27,72,72.0,4.754887502163471,0.0,116.56,116.56,116.56,27
14305.0,1064,92,556,354.6666666666667,6.479993660969601,1.051872577067566,1755.96,941.2,585.32,101
12397.0,1139,96,609,569.5,6.529652214685176,0.995076532106423,1720.01,862.67,860.005,109
14331.0,244,25,232,122.0,4.643856189774723,0.5293608652873644,395.76,350.76,197.88,25
15261.0,270,19,270,270.0,4.247927513443588,0.0,254.82,254.82,254.82,19
17870.0,1076,203,236,97.81818181818181,7.541858544862718,3.0261581839015035,1291.1200000000001,271.87,117.37454545454547,256
15105.0,1001,85,325,143.0,6.3589987304396125,2.3036118178978295,1728.99,501.22999999999996,246.99857142857144,93
13813.0,526,49,175,131.5,5.512544304705065,1.98864987411039,1045.31,333.64,261.3275,61
14855.0,63,7,63,63.0,2.8073549220576046,0.0,91.85,91.85,91.85,7
13925.0,274,21,204,68.5,4.2824842613426,1.2615444195758785,411.1,284.52,102.77499999999999,27
18237.0,515,32,160,103.0,4.779780045430954,2.28560806727848,819.5699999999999,268.88,163.914,52
12453.0,473,43,473,473.0,5.426264754702098,0.0,707.09,707.09,707.09,43
15639.0,297,17,297,297.0,4.08746284125034,0.0,178.02,178.02,178.02,17
15746.0,130,27,130,130.0,4.754887502163471,0.0,182.96,182.96,182.96,27
15942.0,192,11,192,192.0,3.459431618637298,0.0,255.54,255.54,255.54,11
15120.0,238,15,238,238.0,3.906890595608518,0.0,229.4,229.4,229.4,15
14143.0,24,4,24,24.0,2.0,0.0,64.8,64.8,64.8,4
16147.0,186,15,186,186.0,3.906890595608518,0.0,243.08,243.08,243.08,15
18127.0,145,36,106,48.333333333333336,5.121928094887363,0.9921849424766138,257.09000000000003,145.94,85.69666666666666,40
13277.0,116,4,60,38.666666666666664,1.9182958340544893,1.4591479170272448,159.4,83.0,53.13333333333333,6
15149.0,75,13,75,75.0,3.7004397181410926,0.0,327.45000000000005,327.45000000000005,327.45000000000005,13
18081.0,156,11,102,52.0,3.3787834934861767,1.5306189948485172,290.58000000000004,100.50000000000001,96.86000000000001,14
14511.0,715,45,210,143.0,5.343983303761562,2.208445749219498,1126.01,304.46,225.202,60
12716.0,627,55,462,313.5,5.7233116695316655,0.9182958340544896,912.91,597.16,456.455,63
15776.0,95,13,95,95.0,3.7004397181410926,0.0,164.13,164.13,164.13,13
12981.0,242,12,134,121.0,3.521928094887362,0.9927744539878084,372.21999999999997,187.18,186.11,20
13106.0,14,1,14,14.0,0.0,0.0,59.5,59.5,59.5,1
13928.0,117,17,65,29.25,4.011365041826379,1.9387084972868343,336.47,105.35,84.1175,21
18064.0,24,3,24,24.0,1.584962500721156,0.0,48.0,48.0,48.0,3
14885.0,72,3,72,72.0,1.584962500721156,0.0,102.0,102.0,102.0,3
17388.0,56,9,55,28.0,3.169925001442312,0.5032583347756457,128.48,127.23,64.24000000000001,9
13388.0,267,30,247,133.5,4.906890595608519,0.5665095065529053,505.45,449.65,252.725,30
15438.0,57,23,57,57.0,4.523561956057013,0.0,137.13,137.13,137.13,23
17173.0,1044,34,287,130.5,4.951958121348355,2.789278716918857,3226.9,875.58,403.3625,79
14947.0,178,13,118,89.0,3.7004397181410926,0.7793498372920852,275.82,178.5,137.91,13
17053.0,109,11,109,109.0,3.459431618637298,0.0,370.98,370.98,370.98,11
12844.0,125,47,77,62.5,5.508132025833403,0.9957274520849256,325.96000000000004,174.88,162.98000000000002,52
14567.0,386,31,238,193.0,4.954196310386877,0.9383153522334069,1252.06,723.7,626.03,31
14937.0,387,31,240,193.5,4.954196310386877,0.9383153522334069,1154.43,649.92,577.2149999999999,31
12828.0,489,44,152,81.5,5.356558335416673,2.4712212125909505,961.96,256.83000000000004,160.32666666666668,54
13023.0,226,27,116,113.0,4.720049960644813,0.9922666387194963,439.86,245.56,219.93,29
15342.0,275,22,275,275.0,4.459431618637295,0.0,376.81,376.81,376.81,22
13075.0,263,16,263,263.0,4.0,0.0,477.21,477.21,477.21,16
12644.0,284,27,284,284.0,4.754887502163471,0.0,417.12,417.12,417.12,27
17788.0,2,2,2,2.0,1.0,0.0,8.2,8.2,8.2,2
14076.0,78,42,78,78.0,5.379753126795121,0.0,101.72,101.72,101.72,43
17887.0,25,7,25,25.0,2.8073549220576046,0.0,47.05,47.05,47.05,7
13186.0,631,58,319,210.33333333333334,5.786165496395627,1.3499376814010298,1325.8200000000002,751.39,441.94,67
12750.0,127,10,127,127.0,3.321928094887362,0.0,184.98,184.98,184.98,10
15374.0,12,1,12,12.0,0.0,0.0,25.200000000000003,25.200000000000003,25.200000000000003,1
17656.0,911,51,464,182.2,5.542748326446117,1.9825047025725966,1177.25,496.2,235.45,62
16102.0,784,38,378,261.3333333333333,5.133396397877784,1.4012021093183358,1562.74,599.96,520.9133333333334,53
15089.0,1278,123,618,213.0,6.925692560787897,2.0101269508748616,1906.6100000000001,957.88,317.7683333333334,127
14972.0,22,13,22,22.0,3.7004397181410926,0.0,53.47,53.47,53.47,13
17514.0,134,39,134,134.0,5.285402218862247,0.0,200.15,200.15,200.15,39
12689.0,610,54,335,305.0,5.680757755722095,0.997348797918045,1020.21,584.98,510.105,66
14768.0,34,3,22,17.0,1.5,0.8112781244591328,139.5,80.10000000000001,69.75,4
17584.0,294,22,171,147.0,4.392747410448783,0.9828586897127056,756.7,409.15000000000003,378.35,26
15254.0,163,16,163,163.0,4.0,0.0,253.32,253.32,253.32,16
18099.0,148,18,148,148.0,4.169925001442313,0.0,160.35999999999999,160.35999999999999,160.35999999999999,18
13218.0,60,4,60,60.0,2.0,0.0,56.76,56.76,56.76,4
17267.0,99,31,95,49.5,4.954196310386877,0.20559250818508304,209.35,202.75,104.675,31
13145.0,69,3,24,23.0,1.5,1.5,293.85,118.80000000000001,97.95,4
16302.0,134,10,134,134.0,3.321928094887362,0.0,212.82,212.82,212.82,10
13513.0,60,8,60,60.0,3.0,0.0,132.6,132.6,132.6,8
14720.0,198,24,107,66.0,4.5465935642949376,1.4452458201097458,443.16,245.33,147.72,26
18282.0,51,8,26,25.5,3.0,1.0,113.13000000000001,60.790000000000006,56.565000000000005,8
12610.0,995,69,424,248.75,6.037690033756567,1.7557483109144532,1438.09,644.2,359.5225,83
13200.0,400,37,177,133.33333333333334,5.163482026499081,1.5119569275341505,607.27,246.89000000000001,202.42333333333332,39
14079.0,148,8,148,148.0,3.0,0.0,147.25,147.25,147.25,8
17298.0,197,23,149,98.5,4.523561956057013,0.4262286569981449,270.68,232.76,135.34,23
14024.0,147,14,96,73.5,3.8073549220576055,0.74959525725948,298.45,233.2,149.225,14
16066.0,609,66,241,121.8,5.930484321585723,2.148276900963125,1085.74,282.44,217.148,82
15198.0,120,10,64,60.0,3.321928094887362,1.0,193.64,107.64,96.82,10
12865.0,862,79,540,431.0,6.263474057027681,0.9606276613221152,1355.82,859.88,677.91,86
12885.0,637,56,330,212.33333333333334,5.773557262275184,1.1054211501592661,977.22,485.57,325.74,60
13016.0,522,36,312,174.0,5.10068335935326,1.1103746838736357,709.34,378.6,236.4466666666667,43
13500.0,490,50,238,163.33333333333334,5.5858163043944105,1.5310092993175732,980.8,455.6,326.93333333333334,55
15247.0,64,3,64,64.0,1.584962500721156,0.0,111.19999999999999,111.19999999999999,111.19999999999999,3
13355.0,252,29,252,252.0,4.857980995127571,0.0,516.0,516.0,516.0,29
16053.0,721,70,517,360.5,6.129283016944973,0.7755126581331477,1075.45,847.29,537.725,70
13217.0,18,1,18,18.0,0.0,0.0,52.02,52.02,52.02,1
13919.0,434,21,334,217.0,4.334962500721156,0.9798687566511527,297.21,175.3,148.60500000000002,24
12384.0,103,17,54,51.5,4.08746284125034,0.9975025463691153,277.16,139.18,138.58,17
16292.0,188,16,188,188.0,4.0,0.0,280.9,280.9,280.9,16
12571.0,451,29,254,225.5,4.8125,0.9886994082884974,489.37,248.35,244.685,32
14116.0,604,55,186,120.8,5.706954882778696,2.211079212759378,1091.04,310.45,218.208,64
14495.0,62,6,40,31.0,2.584962500721156,0.9182958340544896,123.8,83.2,61.9,6
15494.0,829,105,766,414.5,6.7090525300348824,0.8595316914502932,1040.08,928.53,520.04,106
15608.0,520,48,340,173.33333333333334,5.5849625007211605,1.1228074058019706,800.16,545.04,266.71999999999997,48
17248.0,165,67,165,165.0,6.058051076544463,0.0,277.85,277.85,277.85,68
17653.0,333,32,317,111.0,5.0,0.5349547231656377,508.04,450.24,169.34666666666666,32
13645.0,12,1,12,12.0,0.0,0.0,30.599999999999998,30.599999999999998,30.599999999999998,1
15469.0,131,16,119,65.5,4.0,0.6962122601251458,277.95,227.35000000000002,138.97500000000002,16
13307.0,4,1,4,4.0,0.0,0.0,15.0,15.0,15.0,1
12381.0,717,62,491,143.4,5.878113771179155,1.2131787930975437,1212.1100000000001,861.79,242.42199999999997,73
17122.0,80,7,80,80.0,2.8073549220576046,0.0,138.32,138.32,138.32,7
14406.0,39,6,39,39.0,2.584962500721156,0.0,106.25,106.25,106.25,6
15683.0,83,9,83,83.0,3.169925001442312,0.0,152.95,152.95,152.95,9
14301.0,90,5,90,90.0,2.321928094887362,0.0,128.7,128.7,128.7,5
14658.0,35,20,18,17.5,4.297079327540665,0.9983636725938131,110.60000000000001,63.21,55.3,21
13621.0,243,18,243,243.0,4.169925001442313,0.0,209.85,209.85,209.85,18
16272.0,224,25,224,224.0,4.643856189774723,0.0,411.7,411.7,411.7,25
17958.0,50,6,50,50.0,2.584962500721156,0.0,136.16,136.16,136.16,6
16836.0,93,10,81,46.5,3.321928094887362,0.4689955935892812,175.55,160.55,87.775,10
16961.0,125,14,125,125.0,3.8073549220576055,0.0,234.17,234.17,234.17,14
15706.0,271,37,149,90.33333333333333,5.182838116298145,1.1150103233894517,687.81,355.75,229.27,39
15480.0,272,37,272,272.0,5.209453365628954,0.0,579.25,579.25,579.25,37
15315.0,550,29,312,275.0,4.825164052322361,0.9992492479956565,456.26,241.67999999999998,228.13,31
15653.0,48,4,48,48.0,2.0,0.0,48.0,48.0,48.0,4
13953.0,124,7,76,62.0,2.7773627950641693,0.9957274520849256,265.68,161.32,132.84,13
13159.0,951,101,362,237.75,6.633580831921675,1.9554272014365555,1157.69,322.71,289.4225,106
13189.0,424,21,264,212.0,4.39231742277876,0.9587118829771318,167.28,92.64,83.64,21
17637.0,271,30,212,135.5,4.906890595608519,0.8366407419411673,464.51,306.3,232.255,30
12641.0,69,8,69,69.0,3.0,0.0,128.9,128.9,128.9,8
13470.0,100,7,70,50.0,2.7219280948873625,0.8812908992306927,165.0,115.5,82.5,10
15541.0,49,29,49,49.0,4.857980995127571,0.0,85.13000000000001,85.13000000000001,85.13000000000001,29
16734.0,293,39,233,97.66666666666667,5.219214129970054,1.1009399433532026,462.16,311.35,154.05333333333334,46
16706.0,238,100,160,79.33333333333333,6.563368785347471,1.3819412476355555,398.1,227.78,132.70000000000002,113
17070.0,129,61,129,129.0,5.930737337562883,0.0,284.34,284.34,284.34,61
12729.0,225,22,225,225.0,4.459431618637295,0.0,360.71000000000004,360.71000000000004,360.71000000000004,22
12962.0,127,14,76,63.5,3.7735572622751845,0.9182958340544896,240.89000000000001,145.04000000000002,120.44500000000002,15
13273.0,117,15,117,117.0,3.906890595608518,0.0,128.54,128.54,128.54,15
17736.0,225,17,201,112.5,4.058813890331201,0.3095434291503252,215.59,185.59,107.795,18
15472.0,247,72,247,247.0,6.1699250014423175,0.0,335.15999999999997,335.15999999999997,335.15999999999997,72
12680.0,399,29,192,99.75,4.702378531908809,1.8534909034739788,736.97,261.74,184.2425,46
16582.0,68,4,68,68.0,2.0,0.0,50.099999999999994,50.099999999999994,50.099999999999994,4
17747.0,11,1,11,11.0,0.0,0.0,65.45,65.45,65.45,1
12513.0,450,32,450,450.0,5.0,0.0,494.54,494.54,494.54,32
15396.0,112,12,112,112.0,3.584962500721156,0.0,204.28,204.28,204.28,12
12418.0,331,25,331,331.0,4.643856189774723,0.0,418.16,418.16,418.16,25
16828.0,58,7,58,58.0,2.8073549220576046,0.0,113.5,113.5,113.5,7
14712.0,265,19,120,88.33333333333333,4.1757358691004915,1.4224751175914556,851.73,495.6,283.91,23
12991.0,355,30,311,177.5,4.906890595608519,0.8812908992306927,461.26,261.06,230.63,30
14772.0,81,8,81,81.0,3.0,0.0,126.50999999999999,126.50999999999999,126.50999999999999,8
12364.0,1281,67,514,427.0,6.003350936810974,1.5670665243492294,1106.28,541.9,368.76,78
12968.0,72,4,72,72.0,2.0,0.0,126.0,126.0,126.0,4
16330.0,53,35,32,17.666666666666668,5.129283016944964,1.4466706677217616,112.96000000000001,73.7,37.653333333333336,35
15701.0,807,173,384,201.75,7.361102915479698,1.481630507813862,1175.66,645.76,293.91499999999996,204
12518.0,1296,80,320,259.2,6.203289685122488,2.2846176609354845,1750.09,415.96000000000004,350.01800000000003,114
14529.0,322,174,136,107.33333333333333,7.364198970026459,1.5516148469631132,542.96,204.82,180.98666666666668,210
16536.0,231,40,231,231.0,5.277613436819113,0.0,356.17,356.17,356.17,44
15313.0,25,1,25,25.0,0.0,0.0,52.0,52.0,52.0,1
15801.0,556,57,453,185.33333333333334,5.806890595608517,0.9469739115780225,986.04,802.47,328.68,60
16201.0,1183,69,362,295.75,5.966347184209157,1.9791907363251995,1697.97,529.29,424.4925,105
16555.0,173,14,90,86.5,3.75,0.9886994082884974,269.39,151.98,134.695,16
16952.0,86,10,61,43.0,3.321928094887362,0.4689955935892812,101.75999999999999,91.25999999999999,50.879999999999995,10
14387.0,769,113,352,256.3333333333333,6.761706084627482,1.5615659768102792,1458.25,648.66,486.0833333333333,125
17073.0,680,125,251,170.0,6.879036113454266,1.9389007110072212,1143.02,367.52,285.755,151
18147.0,128,6,80,64.0,2.584962500721156,0.9182958340544896,147.83999999999997,98.88,73.91999999999999,6
14523.0,106,9,106,106.0,3.169925001442312,0.0,160.91,160.91,160.91,9
14418.0,1352,100,659,450.6666666666667,6.589195563269328,1.4742377066526253,1517.64,770.65,505.87999999999994,109
12642.0,457,34,274,152.33333333333334,5.009635872652928,1.4229196387852907,743.77,313.5,247.92333333333332,39
16968.0,318,27,228,159.0,4.754887502163471,0.975119064940866,370.73,186.12,185.365,27
16723.0,174,29,174,174.0,4.801969876934213,0.0,246.99,246.99,246.99,33
13411.0,71,16,71,71.0,3.969815782426811,0.0,203.60000000000002,203.60000000000002,203.60000000000002,17
16340.0,434,120,434,434.0,6.844346772725743,0.0,465.44,465.44,465.44,137
13236.0,318,27,164,159.0,4.720049960644813,0.9922666387194963,574.75,318.45,287.375,29
14196.0,44,3,44,44.0,1.584962500721156,0.0,73.72,73.72,73.72,3
15263.0,87,11,87,87.0,3.459431618637298,0.0,139.51,139.51,139.51,11
14314.0,108,5,108,108.0,2.321928094887362,0.0,93.47999999999999,93.47999999999999,93.47999999999999,5
16093.0,20,1,20,20.0,0.0,0.0,17.0,17.0,17.0,1
17844.0,52,5,52,52.0,2.321928094887362,0.0,51.559999999999995,51.559999999999995,51.559999999999995,5
14687.0,102,10,102,102.0,3.321928094887362,0.0,217.01999999999998,217.01999999999998,217.01999999999998,10
14050.0,689,49,447,344.5,5.569702316978281,0.898653375690748,746.36,485.98,373.18,54
16429.0,1,1,1,1.0,0.0,0.0,4.95,4.95,4.95,1
14055.0,58,6,58,58.0,2.584962500721156,0.0,149.14,149.14,149.14,6
12715.0,190,19,190,190.0,4.247927513443588,0.0,263.36,263.36,263.36,19
15663.0,70,8,70,70.0,3.0,0.0,124.1,124.1,124.1,8
18200.0,104,29,104,104.0,4.840223928941852,0.0,150.35,150.35,150.35,30
13644.0,1327,118,405,331.75,6.878011040618867,1.9404879253873917,1979.0900000000001,681.11,494.77250000000004,119
17451.0,979,76,250,139.85714285714286,6.151119972290822,2.426862843012837,1576.3,427.86,225.18571428571428,92
16641.0,62,7,62,62.0,2.8073549220576046,0.0,123.38,123.38,123.38,7
13812.0,326,30,190,108.66666666666667,4.889680181354619,1.3499971889648752,452.1,260.74,150.70000000000002,31
15074.0,431,41,431,431.0,5.357552004618081,0.0,735.67,735.67,735.67,41
12492.0,190,18,122,95.0,4.169925001442313,0.9910760598382222,227.21,118.82000000000001,113.60500000000002,18
17183.0,790,35,194,131.66666666666666,4.905363372887039,2.431990345294825,2290.46,593.1800000000001,381.74333333333334,54
15325.0,231,47,231,231.0,5.543295834054493,0.0,161.74,161.74,161.74,48
13778.0,70,9,70,70.0,3.169925001442312,0.0,178.7,178.7,178.7,9
14869.0,466,57,312,233.0,5.799589796579276,0.8536576732793313,595.27,323.82,297.635,61
14108.0,375,30,206,187.5,4.889680181354619,0.9992492479956565,540.61,270.58,270.30499999999995,31
15866.0,120,39,120,120.0,5.285402218862247,0.0,161.49,161.49,161.49,39
14660.0,225,22,123,112.5,4.3845171317931,0.9910760598382222,256.24,148.29,128.12,27
13726.0,540,34,384,270.0,5.087462841250338,0.9081783472997051,429.11999999999995,292.68,214.56,34
15690.0,276,16,156,138.0,4.0,0.9544340029249649,201.48,110.03999999999999,100.74,16
17777.0,499,139,180,166.33333333333334,7.006612521844381,1.5844342948575743,629.11,224.4,209.70333333333335,188
16278.0,93,13,93,93.0,3.7004397181410926,0.0,195.23000000000002,195.23000000000002,195.23000000000002,13
13276.0,148,24,139,74.0,4.584962500721156,0.41381685030363374,462.98,435.65000000000003,231.49,24
12436.0,209,15,209,209.0,3.906890595608518,0.0,429.01000000000005,429.01000000000005,429.01000000000005,15
13147.0,48,1,24,24.0,0.0,1.0,237.60000000000002,118.80000000000001,118.80000000000001,2
13045.0,221,18,221,221.0,4.169925001442313,0.0,305.28000000000003,305.28000000000003,305.28000000000003,18
12739.0,383,31,383,383.0,4.954196310386877,0.0,516.0,516.0,516.0,31
14420.0,333,29,333,333.0,4.857980995127571,0.0,385.87,385.87,385.87,29
14436.0,128,8,128,128.0,3.0,0.0,76.56,76.56,76.56,8
18027.0,78,21,78,78.0,4.39231742277876,0.0,115.31,115.31,115.31,21
12794.0,554,41,327,277.0,5.333241498888144,0.996485989886783,795.51,478.51,397.755,43
12832.0,193,26,130,96.5,4.700439718141092,0.930586129131993,366.53,251.3,183.26500000000001,26
16989.0,67,1,24,22.333333333333332,0.0,1.584962500721156,110.54999999999998,39.599999999999994,36.849999999999994,3
16674.0,180,88,119,90.0,6.436605434317896,0.9415951533268216,293.84,178.74,146.92000000000002,92
12375.0,141,12,82,70.5,3.5465935642949384,0.8904916402194913,281.22,158.5,140.61,13
16173.0,550,60,139,91.66666666666667,5.8051380221855045,2.4119441911182475,1204.8700000000001,278.95,200.81166666666664,72
14171.0,162,54,162,162.0,5.744996077161019,0.0,308.44,308.44,308.44,55
13434.0,108,7,60,54.0,2.75,0.9544340029249649,179.04000000000002,106.2,89.52000000000001,8
16761.0,173,10,173,173.0,3.321928094887362,0.0,195.9,195.9,195.9,10
14067.0,224,45,145,112.0,5.491853096329673,0.9709505944546686,275.04,150.03,137.51999999999998,45
13808.0,640,55,196,128.0,5.740223928941851,2.241946032206046,1115.66,356.46,223.132,60
15215.0,197,24,114,65.66666666666667,4.5465935642949376,1.1867198445327565,481.09000000000003,270.90000000000003,160.36333333333334,26
12851.0,104,41,104,104.0,5.29730004072604,0.0,104.91,104.91,104.91,45
14335.0,324,52,286,162.0,5.65745141767351,0.9348490242345945,409.2,301.84,204.6,57
14965.0,350,77,350,350.0,6.259761193221231,0.0,461.64,461.64,461.64,78
15136.0,739,60,373,184.75,5.84586698893294,1.7101257828948202,1230.75,579.15,307.6875,67
16629.0,265,52,139,132.5,5.690184605506591,0.7367680100024784,328.95,178.74,164.47500000000002,53
18261.0,145,18,101,72.5,4.1219280948873624,0.8812908992306927,314.29,214.85,157.14499999999998,20
15307.0,28,7,28,28.0,2.8073549220576046,0.0,119.20000000000002,119.20000000000002,119.20000000000002,7
16820.0,254,21,254,254.0,4.39231742277876,0.0,415.94,415.94,415.94,21
17309.0,41,11,41,41.0,3.418295834054489,0.0,82.75,82.75,82.75,12
13949.0,1998,120,625,333.0,6.746756852189119,2.4594125192121323,2119.84,535.02,353.3066666666667,151
14360.0,1103,93,726,275.75,6.475515855486173,1.480728788586274,1722.63,1042.44,430.6575,106
16400.0,169,26,169,169.0,4.6808134280893965,0.0,271.08,271.08,271.08,27
14208.0,108,7,108,108.0,2.8073549220576046,0.0,101.14,101.14,101.14,7
12526.0,614,58,316,204.66666666666666,5.818549764769761,1.4479672964798829,1074.46,484.3,358.15333333333336,63
13130.0,32,2,32,32.0,1.0,0.0,64.0,64.0,64.0,2
13210.0,220,20,220,220.0,4.321928094887363,0.0,293.0,293.0,293.0,20
17481.0,739,62,244,184.75,5.867772846491986,1.9529631121674949,1085.71,417.56,271.4275,73
12685.0,1422,111,644,237.0,6.629740555457588,2.2645783738539578,2437.65,967.1800000000001,406.27500000000003,145
17573.0,206,21,125,68.66666666666667,4.368522527728205,1.181899057917561,318.74,198.39000000000001,106.24666666666667,22
14452.0,109,49,66,54.5,5.576977058336781,0.999743186071085,191.5,99.28,95.75,53
15885.0,101,13,101,101.0,3.7004397181410926,0.0,258.55,258.55,258.55,13
13249.0,61,14,61,61.0,3.8073549220576055,0.0,82.23,82.23,82.23,14
13889.0,146,15,146,146.0,3.906890595608518,0.0,416.90000000000003,416.90000000000003,416.90000000000003,15
18222.0,228,14,228,228.0,3.8073549220576055,0.0,333.87,333.87,333.87,14
13244.0,35,24,35,35.0,4.584962500721156,0.0,94.79,94.79,94.79,24
17004.0,348,29,242,174.0,4.793345194191516,0.9596868937742169,665.64,412.4,332.82,34
13441.0,108,11,108,108.0,3.459431618637298,0.0,195.36,195.36,195.36,11
13823.0,381,28,271,190.5,4.789015477886192,0.9922666387194963,683.36,410.12,341.68,29
12879.0,99,5,51,33.0,2.2516291673878226,1.2516291673878228,202.41,122.25,67.47,6
16603.0,379,32,262,189.5,5.0,0.9283620723948678,465.97,280.12,232.985,32
14824.0,325,18,187,81.25,4.022055208874201,1.6140054628542202,711.71,379.51,177.9275,24
15652.0,203,17,203,203.0,4.08746284125034,0.0,293.09000000000003,293.09000000000003,293.09000000000003,17
15035.0,101,24,101,101.0,4.5638561897747225,0.0,227.29000000000002,227.29000000000002,227.29000000000002,25
14508.0,122,45,66,61.0,5.444235677759422,0.9798687566511527,196.0,98.36,98.0,48
13272.0,90,12,72,45.0,3.584962500721156,0.9182958340544896,205.66000000000003,140.96,102.83000000000001,12
13372.0,154,19,154,154.0,4.247927513443588,0.0,290.04,290.04,290.04,19
18255.0,74,6,74,74.0,2.584962500721156,0.0,103.3,103.3,103.3,6
14250.0,1144,89,810,381.3333333333333,6.407165737582054,1.2732125105835579,1823.13,1147.91,607.71,106
16796.0,186,18,186,186.0,4.169925001442313,0.0,305.62,305.62,305.62,18
15782.0,342,20,216,114.0,4.251629167387823,1.5156546557441943,1351.38,827.2800000000001,450.46000000000004,24
12883.0,179,28,62,44.75,4.760647923290102,1.7621171696381757,527.87,217.48000000000002,131.9675,31
12965.0,263,94,263,263.0,6.554588851677623,0.0,595.61,595.61,595.61,94
15533.0,234,58,110,78.0,5.774898518751396,1.3860294052281967,530.17,283.76,176.72333333333333,67
18215.0,114,12,114,114.0,3.584962500721156,0.0,266.34000000000003,266.34000000000003,266.34000000000003,12
18158.0,353,24,253,176.5,4.499227547132693,0.8739810481273578,451.75,342.15,225.875,34
13375.0,349,33,349,349.0,5.044394119358456,0.0,601.4300000000001,601.4300000000001,601.4300000000001,33
13431.0,486,39,452,243.0,5.285402218862247,0.6193821946787638,814.8,675.68,407.4,39
16211.0,133,20,133,133.0,4.321928094887363,0.0,324.97,324.97,324.97,20
12884.0,37,5,37,37.0,2.321928094887362,0.0,107.25,107.25,107.25,5
16141.0,218,22,218,218.0,4.459431618637295,0.0,430.70000000000005,430.70000000000005,430.70000000000005,22
17919.0,276,13,276,276.0,3.7004397181410926,0.0,615.48,615.48,615.48,13
17433.0,183,51,183,183.0,5.661978179679557,0.0,283.26,283.26,283.26,52
13704.0,1336,94,270,148.44444444444446,6.474507983428253,3.0623231296545077,1805.05,377.28,200.5611111111111,111
14020.0,399,32,224,199.5,4.969815782426809,0.9899927915575188,573.86,287.67,286.93,34
14359.0,352,36,179,117.33333333333333,5.054380872862173,1.4685904476497373,769.48,393.99,256.49333333333334,47
16451.0,120,14,120,120.0,3.8073549220576055,0.0,266.97,266.97,266.97,14
15216.0,20,1,20,20.0,0.0,0.0,33.0,33.0,33.0,1
15522.0,449,47,315,224.5,5.495628242904208,0.7962699368824384,326.65,259.05,163.325,54
12822.0,456,37,370,228.0,5.16243005339857,0.7120640548905479,743.28,587.3000000000001,371.64000000000004,41
15343.0,62,11,62,62.0,3.459431618637298,0.0,153.7,153.7,153.7,11
14753.0,207,28,207,207.0,4.807354922057602,0.0,526.75,526.75,526.75,28
16959.0,49,7,49,49.0,2.8073549220576046,0.0,117.35000000000001,117.35000000000001,117.35000000000001,7
13032.0,338,45,182,169.0,5.409705133058606,0.944387195013346,722.27,372.72,361.135,58
12895.0,201,19,133,100.5,4.247927513443588,0.8997437586982626,309.55,204.55,154.775,19
17640.0,42,2,42,42.0,1.0,0.0,114.3,114.3,114.3,2
13860.0,529,53,173,105.8,5.6031108321196506,2.0250731570332845,1101.03,387.23,220.206,67
12756.0,72,3,72,72.0,1.584962500721156,0.0,50.879999999999995,50.879999999999995,50.879999999999995,3
18001.0,205,47,132,102.5,5.543295834054493,0.8112781244591328,272.93,163.68,136.465,48
15933.0,738,59,271,246.0,5.804213195485492,1.579396966383057,1035.05,363.29,345.01666666666665,70
14284.0,149,21,89,74.5,4.307354922057604,0.9402859586706309,496.45,317.65,248.225,28
15103.0,325,32,178,162.5,5.0,0.9544340029249649,573.46,366.78,286.73,32
15707.0,546,117,194,136.5,6.656485747364258,1.9681857956928956,793.76,257.13,198.44,193
12566.0,207,14,207,207.0,3.8073549220576055,0.0,217.18,217.18,217.18,14
13321.0,140,9,140,140.0,3.169925001442312,0.0,259.04,259.04,259.04,9
13877.0,12,1,12,12.0,0.0,0.0,17.4,17.4,17.4,1
15272.0,247,50,137,123.5,5.643856189774728,0.9953784388202258,502.26,254.18,251.13,50
17333.0,339,27,339,339.0,4.754887502163471,0.0,479.13,479.13,479.13,27
13518.0,326,31,326,326.0,4.954196310386877,0.0,535.4399999999999,535.4399999999999,535.4399999999999,31
14306.0,302,18,284,151.0,4.169925001442313,0.5032583347756457,696.23,591.53,348.115,18
17679.0,286,17,252,143.0,4.08746284125034,0.5225593745369408,892.86,762.3,446.42999999999995,17
14608.0,245,8,145,81.66666666666667,2.85845859334435,1.5461796919474975,1017.1500000000001,586.95,339.05,16
15573.0,236,79,174,118.0,6.254696295374616,0.985909442028652,414.3,308.92,207.15,86
14894.0,217,22,217,217.0,4.459431618637295,0.0,614.95,614.95,614.95,22
17434.0,1383,85,226,197.57142857142858,6.255616314257499,2.7916365119204247,1991.27,352.84000000000003,284.46714285714285,116
15466.0,245,55,245,245.0,5.7716406363433235,0.0,324.58,324.58,324.58,56
15511.0,232,98,91,46.4,6.463714150903157,2.1892349594973046,530.93,199.15,106.186,129
16189.0,84,6,54,42.0,2.5,0.9544340029249649,125.57999999999998,84.47999999999999,62.78999999999999,8
15417.0,284,28,284,284.0,4.807354922057602,0.0,508.8,508.8,508.8,28
16108.0,549,45,549,549.0,5.491853096329673,0.0,785.1800000000001,785.1800000000001,785.1800000000001,45
17144.0,206,25,115,103.0,4.582118926162054,0.9922666387194963,537.1800000000001,293.65,268.59,29
16924.0,449,62,286,149.66666666666666,5.864726676381292,1.5396482176005462,681.39,306.24,227.13,74
15099.0,113,18,113,113.0,4.169925001442313,0.0,238.70000000000002,238.70000000000002,238.70000000000002,18
13323.0,127,6,33,25.4,2.546439344671015,2.2854752972273342,583.85,157.75,116.77000000000001,20
15975.0,243,24,243,243.0,4.584962500721156,0.0,371.01,371.01,371.01,24
15523.0,31,7,31,31.0,2.8073549220576046,0.0,88.51,88.51,88.51,7
15947.0,156,10,156,156.0,3.321928094887362,0.0,349.64,349.64,349.64,10
13247.0,280,17,155,70.0,3.9701755214643457,1.600983694881109,474.72,278.67,118.68,24
13566.0,566,133,334,283.0,6.948690488177705,0.9544340029249649,846.89,557.36,423.44500000000005,168
16689.0,114,7,102,57.0,2.8073549220576046,0.5916727785823275,226.01999999999998,149.82,113.00999999999999,7
16438.0,458,72,116,91.6,5.972364709157012,2.28688953710585,748.6,194.45000000000002,149.72,129
13067.0,29,13,29,29.0,3.7004397181410926,0.0,91.61,91.61,91.61,13
16460.0,739,124,420,246.33333333333334,6.941440592283959,1.1849646758153338,726.0,251.16,242.0,127
13325.0,160,10,160,160.0,3.321928094887362,0.0,471.3,471.3,471.3,10
12640.0,263,34,224,87.66666666666667,5.0378447930488806,0.49034150314150793,609.53,502.04,203.17666666666665,36
13774.0,189,20,189,189.0,4.321928094887363,0.0,314.15000000000003,314.15000000000003,314.15000000000003,20
12497.0,24,1,24,24.0,0.0,0.0,20.4,20.4,20.4,1
12752.0,404,18,404,404.0,4.169925001442313,0.0,854.12,854.12,854.12,18
15504.0,33,13,33,33.0,3.7004397181410926,0.0,52.83,52.83,52.83,13
15500.0,467,52,154,116.75,5.690184605506592,1.9751405900333356,837.13,292.82,209.2825,53
17557.0,304,25,146,101.33333333333333,4.538909765557392,1.3649917740667208,525.01,280.41,175.00333333333333,32
13416.0,126,8,90,63.0,2.9735572622751856,0.9967916319816366,576.5,403.5,288.25,15
17628.0,79,5,79,79.0,2.321928094887362,0.0,75.75,75.75,75.75,5
16527.0,105,13,105,105.0,3.7004397181410926,0.0,219.81,219.81,219.81,13
16428.0,0,0,0,0.0,0.0,0.0,0.0,0.0,0.0,1
15341.0,192,8,192,192.0,3.0,0.0,732.96,732.96,732.96,8
16215.0,98,10,98,98.0,3.321928094887362,0.0,186.9,186.9,186.9,10
14164.0,264,17,264,264.0,4.08746284125034,0.0,374.4,374.4,374.4,17
15888.0,54,8,54,54.0,2.94770277922009,0.0,64.77,64.77,64.77,9
17564.0,141,35,70,47.0,4.996069292872437,1.5504949818133702,409.36,185.8,136.45333333333335,46
13356.0,305,34,305,305.0,5.087462841250338,0.0,548.59,548.59,548.59,34
12390.0,308,26,308,308.0,4.700439718141092,0.0,407.74,407.74,407.74,26
18228.0,234,22,139,117.0,4.375222374437917,0.9293636260137187,749.3000000000001,400.49,374.65,29
17415.0,100,8,100,100.0,3.0,0.0,138.44,138.44,138.44,8
13350.0,267,25,138,133.5,4.593069207771888,0.74959525725948,652.77,390.12,326.385,28
12550.0,555,52,555,555.0,5.700439718141095,0.0,748.88,748.88,748.88,52
16627.0,98,10,98,98.0,3.321928094887362,0.0,162.38,162.38,162.38,10
17475.0,178,14,178,178.0,3.8073549220576055,0.0,194.37,194.37,194.37,14
14951.0,260,18,260,260.0,4.169925001442313,0.0,259.52,259.52,259.52,18
14780.0,306,24,206,153.0,4.5638561897747225,0.904381457724494,400.88,286.0,200.44,25
15399.0,491,43,188,163.66666666666666,5.376629167387827,1.5794340029249652,768.97,305.17,256.3233333333333,48
17466.0,286,32,169,143.0,5.0,1.0,531.88,270.67,265.94000000000005,32
16379.0,1292,84,502,323.0,6.317568488348278,1.9285621447860746,2006.68,721.98,501.67,103
15239.0,541,46,320,270.5,5.512035660188278,0.9733854352299557,733.42,414.62,366.71000000000004,47
16213.0,42,5,42,42.0,2.321928094887362,0.0,82.5,82.5,82.5,5
14261.0,301,32,301,301.0,5.0,0.0,633.79,633.79,633.79,32
12657.0,257,23,197,85.66666666666667,4.501629167387823,0.9737837298712213,466.62,290.74,155.54,24
15571.0,211,43,74,52.75,5.31582433352571,1.6174535896221294,558.05,177.6,139.5125,52
15484.0,1656,116,720,414.0,6.735644163268974,1.5889521283667634,2482.07,1074.94,620.5175,155
12936.0,459,56,374,153.0,5.760975803905793,1.1700333844140454,852.9,689.46,284.3,60
16236.0,182,19,182,182.0,4.247927513443588,0.0,416.3,416.3,416.3,19
16669.0,752,128,381,250.66666666666666,6.955154189278205,1.0531536693571655,1102.18,615.69,367.3933333333334,141
17603.0,71,10,71,71.0,3.321928094887362,0.0,140.97,140.97,140.97,10
15398.0,761,57,388,380.5,5.7578544455164,1.0,1277.73,648.78,638.865,70
12906.0,616,39,322,123.2,5.271928094887364,1.647584679824574,1108.02,483.28,221.60399999999998,40
17079.0,24,2,24,24.0,1.0,0.0,118.80000000000001,118.80000000000001,118.80000000000001,2
17163.0,66,3,40,33.0,1.5219280948873621,0.9709505944546686,293.1,170.0,146.55,5
12952.0,529,51,295,132.25,5.572362859939174,1.6877354637048239,1053.31,514.11,263.3275,63
12579.0,270,23,270,270.0,4.523561956057013,0.0,317.42,317.42,317.42,23
13279.0,70,9,70,70.0,3.169925001442312,0.0,126.30000000000001,126.30000000000001,126.30000000000001,9
12425.0,324,30,324,324.0,4.906890595608519,0.0,538.14,538.14,538.14,30
16715.0,234,13,234,234.0,3.7004397181410926,0.0,99.39999999999999,99.39999999999999,99.39999999999999,13
13519.0,19,6,19,19.0,2.584962500721156,0.0,78.95,78.95,78.95,6
12546.0,512,54,358,256.0,5.691565637785633,0.9333572600179805,949.58,620.78,474.78999999999996,63
15744.0,24,1,24,24.0,0.0,0.0,6.959999999999999,6.959999999999999,6.959999999999999,1
13127.0,127,15,127,127.0,3.906890595608518,0.0,259.17,259.17,259.17,15
15714.0,178,29,112,89.0,4.857980995127571,0.6631968402398287,254.53,132.48000000000002,127.26500000000001,29
17480.0,336,29,336,336.0,4.857980995127571,0.0,506.32,506.32,506.32,29
15763.0,229,36,169,114.5,5.142664355548852,0.9677884628267679,602.87,338.79,301.43500000000006,38
15075.0,274,21,274,274.0,4.39231742277876,0.0,496.78,496.78,496.78,21
16978.0,160,35,160,160.0,5.129283016944964,0.0,294.43,294.43,294.43,35
14014.0,512,27,512,512.0,4.754887502163471,0.0,304.42,304.42,304.42,27
13336.0,508,48,508,508.0,5.5849625007211605,0.0,752.8000000000001,752.8000000000001,752.8000000000001,48
14652.0,51,27,51,51.0,4.754887502163471,0.0,94.28,94.28,94.28,27
15807.0,418,45,376,209.0,5.491853096329673,0.5665095065529053,798.1,595.8,399.04999999999995,45
15762.0,241,31,137,120.5,4.954196310386877,0.9992492479956565,482.95000000000005,268.44,241.475,31
15475.0,315,28,315,315.0,4.807354922057602,0.0,406.31,406.31,406.31,28
16485.0,227,37,227,227.0,5.19529593449622,0.0,279.35,279.35,279.35,38
12488.0,472,41,263,157.33333333333334,5.299269702741469,1.4048921852331597,952.1600000000001,445.41,317.3866666666667,47
13083.0,180,13,140,90.0,3.640223928941851,0.7219280948873623,235.8,158.44,117.9,15
16169.0,1052,62,362,263.0,5.879506460812012,1.9381355396762627,1651.8200000000002,567.3000000000001,412.95500000000004,76
17506.0,136,14,136,136.0,3.8073549220576055,0.0,294.29,294.29,294.29,14
16480.0,315,41,315,315.0,5.333241498888144,0.0,416.57,416.57,416.57,43
17006.0,264,33,94,66.0,4.903055907333276,1.857351274437585,703.9300000000001,232.06,175.98250000000002,40
17498.0,202,15,202,202.0,3.906890595608518,0.0,235.74,235.74,235.74,15
17131.0,896,70,398,224.0,5.9783335811852565,1.735451252694725,1839.1200000000001,873.63,459.78,116
13536.0,1035,78,272,147.85714285714286,6.071166024461924,2.6426473043697225,2451.61,535.87,350.23,142
17154.0,346,21,346,346.0,4.39231742277876,0.0,299.1,299.1,299.1,21
15429.0,281,72,213,140.5,6.136916410824775,0.9852281360342516,289.23,163.34,144.615,77
16594.0,58,47,58,58.0,5.55458885167764,0.0,123.44,123.44,123.44,47
14757.0,158,18,158,158.0,4.169925001442313,0.0,395.5,395.5,395.5,18
16198.0,117,11,117,117.0,3.459431618637298,0.0,286.281,286.281,286.281,11
13670.0,280,24,280,280.0,4.584962500721156,0.0,333.2,333.2,333.2,24
18066.0,108,10,108,108.0,3.321928094887362,0.0,318.0,318.0,318.0,10
14806.0,47,4,47,47.0,2.0,0.0,66.0,66.0,66.0,4
12783.0,532,60,174,133.0,5.889680181354616,1.9579925330172383,1011.3000000000001,327.94,252.825,62
13429.0,921,45,320,230.25,5.387537511266055,1.9299111709758698,816.69,295.08,204.1725,56
15154.0,78,56,78,78.0,5.766802911333374,0.0,153.28,153.28,153.28,61
13390.0,116,10,116,116.0,3.321928094887362,0.0,304.68,304.68,304.68,10
12925.0,489,38,255,244.5,5.211210541203447,0.9995708393473224,636.13,339.31,318.065,41
13927.0,214,21,214,214.0,4.39231742277876,0.0,348.99,348.99,348.99,21
18205.0,180,23,110,90.0,4.4838561897747224,0.9895875212220557,408.86,238.2,204.43,25
14908.0,86,6,86,86.0,2.584962500721156,0.0,135.3,135.3,135.3,6
13639.0,572,37,572,572.0,5.209453365628954,0.0,646.34,646.34,646.34,37
15958.0,31,5,31,31.0,2.321928094887362,0.0,87.85,87.85,87.85,5
15492.0,421,26,313,210.5,4.651084443403434,0.7355085815538398,504.73999999999995,346.94,252.37,29
15243.0,185,22,185,185.0,4.459431618637295,0.0,316.68,316.68,316.68,22
15344.0,77,12,74,38.5,3.584962500721156,0.41381685030363374,176.13,157.38,88.065,12
13866.0,57,7,57,57.0,2.8073549220576046,0.0,145.67000000000002,145.67000000000002,145.67000000000002,7
14473.0,40,4,40,40.0,2.0,0.0,95.28,95.28,95.28,4
12612.0,213,17,213,213.0,4.08746284125034,0.0,593.5500000000001,593.5500000000001,593.5500000000001,17
16999.0,192,19,139,96.0,4.201841232302569,0.7918583525674836,289.92,229.93,144.96,21
13514.0,40,4,40,40.0,2.0,0.0,152.20000000000002,152.20000000000002,152.20000000000002,4
13314.0,479,45,280,159.66666666666666,5.480083695187445,1.3497042626097349,514.11,287.44,171.37,46
17805.0,70,7,70,70.0,2.8073549220576046,0.0,211.83,211.83,211.83,7
18278.0,66,9,66,66.0,3.169925001442312,0.0,173.9,173.9,173.9,9
16181.0,104,10,104,104.0,3.321928094887362,0.0,163.94,163.94,163.94,10
15568.0,459,26,180,153.0,4.5697861119974155,1.5748860809655,724.39,335.77,241.46333333333334,52
16354.0,146,36,140,73.0,5.1553993115749,0.1792560669283215,361.40000000000003,331.7,180.7,37
14412.0,576,37,470,288.0,5.209453365628954,0.8779620013943912,553.63,376.84999999999997,276.815,37
16119.0,204,13,136,102.0,3.6402239289418516,0.9182958340544896,363.96000000000004,250.08,181.98000000000002,15
14109.0,56,4,56,56.0,2.0,0.0,80.2,80.2,80.2,4
16157.0,134,11,66,44.666666666666664,3.3248629576173574,1.5306189948485172,357.5,188.58,119.16666666666667,14
15348.0,84,9,84,84.0,3.169925001442312,0.0,158.04,158.04,158.04,9
16182.0,40,4,40,40.0,2.0,0.0,72.8,72.8,72.8,4
16281.0,62,4,62,62.0,2.0,0.0,121.5,121.5,121.5,4
14434.0,176,2,44,29.333333333333332,1.0,2.5,964.8000000000001,241.2,160.79999999999998,8
13061.0,101,8,101,101.0,3.0,0.0,200.31,200.31,200.31,8
17513.0,58,3,58,58.0,1.584962500721156,0.0,140.39999999999998,140.39999999999998,140.39999999999998,3
16909.0,176,12,176,176.0,3.584962500721156,0.0,198.72,198.72,198.72,12
16650.0,274,21,274,274.0,4.39231742277876,0.0,430.38,430.38,430.38,21
18192.0,282,36,282,282.0,5.1699250014423095,0.0,698.82,698.82,698.82,36
17447.0,443,33,350,221.5,5.003258334775643,0.7642045065086203,541.53,372.48,270.765,36
17427.0,34,2,34,34.0,1.0,0.0,100.8,100.8,100.8,2
15175.0,338,21,338,338.0,4.39231742277876,0.0,212.5,212.5,212.5,21
13960.0,142,11,102,71.0,3.418295834054489,0.9182958340544896,230.22,128.1,115.11,12
17528.0,1887,164,480,235.875,7.228004754598576,2.697831980467093,2736.96,631.46,342.12,224
16361.0,401,79,205,100.25,6.21712113460119,1.8559374435433091,711.36,326.99,177.84,95
13886.0,124,14,124,124.0,3.8073549220576055,0.0,218.56,218.56,218.56,14
13354.0,494,47,494,494.0,5.55458885167764,0.0,684.91,684.91,684.91,47
15050.0,616,55,441,205.33333333333334,5.74022392894185,0.8996179582144882,982.29,717.5,327.43,60
13503.0,246,16,246,246.0,4.0,0.0,192.95,192.95,192.95,16
16653.0,707,56,683,353.5,5.789015477886191,0.21639693245126468,1006.52,911.72,503.26,58
16574.0,366,26,366,366.0,4.700439718141092,0.0,409.14,409.14,409.14,26
17306.0,32,2,16,10.666666666666666,0.9182958340544896,1.584962500721156,109.92,60.0,36.64,3
13759.0,233,20,213,116.5,4.297079327540665,0.2761954276479391,439.59000000000003,340.59000000000003,219.79500000000002,21
12718.0,199,17,199,199.0,4.08746284125034,0.0,182.35,182.35,182.35,17
15949.0,248,12,168,124.0,3.5032583347756456,0.9182958340544896,349.6,237.04000000000002,174.8,18
12703.0,160,20,160,160.0,4.321928094887363,0.0,256.7,256.7,256.7,20
16268.0,521,38,461,260.5,5.247927513443589,0.4854607607459134,495.2,460.76,247.6,38
18053.0,299,19,299,299.0,4.247927513443588,0.0,280.07,280.07,280.07,19
18217.0,347,26,220,173.5,4.66449777920046,0.9402859586706309,515.67,291.5,257.83500000000004,28
15565.0,54,5,30,27.0,2.321928094887362,0.9709505944546686,123.66000000000001,67.86000000000001,61.830000000000005,5
13954.0,133,18,98,66.5,4.169925001442313,0.9910760598382222,280.39,163.66,140.195,18
15593.0,60,5,60,60.0,2.321928094887362,0.0,199.8,199.8,199.8,5
13095.0,96,5,96,96.0,2.321928094887362,0.0,60.48,60.48,60.48,5
15287.0,232,16,175,116.0,3.9321380397593764,0.7424875695421236,413.24,339.53000000000003,206.62,19
13347.0,96,4,96,96.0,2.0,0.0,148.79999999999998,148.79999999999998,148.79999999999998,4
15185.0,264,14,264,264.0,3.8073549220576055,0.0,139.92000000000002,139.92000000000002,139.92000000000002,14
16404.0,143,17,143,143.0,4.08746284125034,0.0,296.45,296.45,296.45,17
16613.0,289,29,289,289.0,4.857980995127571,0.0,586.79,586.79,586.79,29
16591.0,41,10,41,41.0,3.321928094887362,0.0,213.5,213.5,213.5,10
15774.0,79,20,79,79.0,4.321928094887363,0.0,189.75,189.75,189.75,20
13558.0,334,119,118,83.5,6.778324941466091,1.9694926161232176,550.57,161.5,137.64249999999998,165
16930.0,283,44,144,94.33333333333333,5.403856189774728,1.1914436210393724,292.17,174.93,97.39,50
16533.0,503,106,272,167.66666666666666,6.620315259568938,1.5133497029871665,907.19,486.37,302.3966666666667,166
18059.0,256,16,107,85.33333333333333,3.9477027792200903,1.5466316153937778,280.81,108.18,93.60333333333334,18
16747.0,348,26,205,174.0,4.62015169511603,0.8453509366224365,581.63,384.90000000000003,290.815,33
14333.0,34,9,34,34.0,3.169925001442312,0.0,174.45000000000002,174.45000000000002,174.45000000000002,9
17330.0,48,3,28,24.0,1.5,0.8112781244591328,273.9,174.9,136.95,4
17321.0,303,84,303,303.0,6.368522527728214,0.0,411.74,411.74,411.74,88
14815.0,624,51,460,312.0,5.6724253419715005,0.7871265862012691,737.22,551.58,368.61,51
15091.0,339,29,339,339.0,4.857980995127571,0.0,442.96,442.96,442.96,29
12931.0,22,2,22,22.0,1.0,0.0,15.16,15.16,15.16,2
15088.0,429,42,320,214.5,5.34964891257875,0.828055725379504,821.57,629.94,410.785,46
15930.0,135,19,135,135.0,4.247927513443588,0.0,393.63,393.63,393.63,19
16183.0,113,15,113,113.0,3.906890595608518,0.0,338.71000000000004,338.71000000000004,338.71000000000004,15
13297.0,633,46,400,158.25,5.4696704873718645,1.4811954314415448,1641.59,1044.0,410.3975,52
13801.0,160,18,160,160.0,4.169925001442313,0.0,247.1,247.1,247.1,18
17014.0,229,59,126,76.33333333333333,5.811655672100881,1.3563837236863439,464.23,229.62,154.74333333333334,68
14184.0,105,15,105,105.0,3.906890595608518,0.0,245.59,245.59,245.59,15
13351.0,116,15,116,116.0,3.906890595608518,0.0,323.94,323.94,323.94,15
15739.0,16,3,16,16.0,1.584962500721156,0.0,77.6,77.6,77.6,3
12512.0,95,30,91,47.5,4.906890595608519,0.35335933502142136,124.23,108.53,62.115,30
17957.0,185,28,185,185.0,4.807354922057602,0.0,96.25,96.25,96.25,28
15276.0,57,45,57,57.0,5.491853096329673,0.0,95.38,95.38,95.38,45
15127.0,203,15,203,203.0,3.906890595608518,0.0,346.53,346.53,346.53,15
16106.0,74,6,74,74.0,2.584962500721156,0.0,108.38,108.38,108.38,6
17666.0,66,4,42,33.0,1.9182958340544896,0.9182958340544896,110.58,65.34,55.290000000000006,6
13483.0,160,10,160,160.0,3.321928094887362,0.0,140.34,140.34,140.34,10
16478.0,146,12,96,73.0,3.5465935642949384,0.961236604722876,251.26000000000002,156.16,125.63,13
17382.0,24,1,24,24.0,0.0,0.0,50.400000000000006,50.400000000000006,50.400000000000006,1
16020.0,443,39,248,147.66666666666666,5.240218243074191,1.1216659164865312,707.01,391.8,235.67,43
17222.0,115,26,115,115.0,4.700439718141092,0.0,273.0,273.0,273.0,26
16160.0,30,3,30,30.0,1.584962500721156,0.0,173.09999999999997,173.09999999999997,173.09999999999997,3
16803.0,245,24,245,245.0,4.584962500721156,0.0,332.3,332.3,332.3,24
13947.0,44,5,44,44.0,2.321928094887362,0.0,90.6,90.6,90.6,5
16758.0,120,16,120,120.0,4.0,0.0,207.86,207.86,207.86,16
12719.0,350,29,205,175.0,4.8125,0.9886994082884974,461.70000000000005,267.95,230.85,32
17647.0,25,4,25,25.0,2.0,0.0,82.11,82.11,82.11,4
14054.0,62,6,62,62.0,2.584962500721156,0.0,92.46,92.46,92.46,6
12723.0,389,48,183,97.25,5.502583407161071,1.437436632688363,580.33,315.08,145.0825,62
18033.0,44,28,44,44.0,4.789015477886192,0.0,71.82,71.82,71.82,29
13845.0,78,6,78,78.0,2.584962500721156,0.0,157.86,157.86,157.86,6
15837.0,179,18,179,179.0,4.169925001442313,0.0,300.23,300.23,300.23,18
12628.0,400,32,192,133.33333333333334,4.947702779220088,1.5545851693377997,648.61,298.64,216.20333333333335,36
13177.0,91,17,91,91.0,4.08746284125034,0.0,282.45,282.45,282.45,17
14317.0,240,20,240,240.0,4.321928094887363,0.0,375.58,375.58,375.58,20
16295.0,654,54,250,163.5,5.701229140841571,1.9851380102064393,967.26,274.84000000000003,241.815,61
13602.0,219,22,219,219.0,4.459431618637295,0.0,398.65000000000003,398.65000000000003,398.65000000000003,22
16895.0,88,54,88,88.0,5.713151523938108,0.0,175.12,175.12,175.12,59
17295.0,245,46,130,81.66666666666667,5.441965083260142,1.5464068535835054,400.12,204.08,133.37333333333333,59
13504.0,175,19,175,175.0,4.247927513443588,0.0,260.48,260.48,260.48,19
15264.0,265,23,265,265.0,4.523561956057013,0.0,393.74,393.74,393.74,23
16432.0,72,5,72,72.0,2.321928094887362,0.0,111.0,111.0,111.0,5
14518.0,84,12,84,84.0,3.584962500721156,0.0,112.44,112.44,112.44,12
13882.0,566,38,186,113.2,5.147191429566853,2.1544327325419035,686.34,221.1,137.268,45
15937.0,73,7,73,73.0,2.8073549220576046,0.0,145.35,145.35,145.35,7
12923.0,66,27,66,66.0,4.754887502163471,0.0,152.92,152.92,152.92,27
16454.0,3,2,2,1.5,1.0,1.0,6.9,5.9,3.45,2
17453.0,216,17,160,108.0,4.08746284125034,0.9975025463691153,457.46999999999997,341.99999999999994,228.73499999999996,17
15766.0,166,9,166,166.0,3.169925001442312,0.0,273.65999999999997,273.65999999999997,273.65999999999997,9
15300.0,288,26,288,288.0,4.700439718141092,0.0,454.44,454.44,454.44,26
13348.0,136,14,136,136.0,3.8073549220576055,0.0,233.76,233.76,233.76,14
14592.0,403,128,233,134.33333333333334,6.914418602341081,1.5162754495455273,516.29,262.71,172.09666666666666,154
17030.0,96,9,96,96.0,3.169925001442312,0.0,115.95,115.95,115.95,9
12420.0,182,20,182,182.0,4.321928094887363,0.0,380.3,380.3,380.3,20
14427.0,156,14,136,78.0,3.773557262275185,0.35335933502142136,287.74,246.14000000000001,143.87,15
12519.0,168,15,168,168.0,3.906890595608518,0.0,242.84,242.84,242.84,15
13359.0,148,18,148,148.0,4.169925001442313,0.0,298.76,298.76,298.76,18
14138.0,600,40,449,300.0,5.26269239083962,0.8865408928220899,965.8800000000001,621.71,482.94000000000005,46
15297.0,288,29,118,96.0,4.734512381750774,1.5522524382879264,618.04,244.68,206.01333333333332,38
13876.0,34,6,34,34.0,2.584962500721156,0.0,98.80000000000001,98.80000000000001,98.80000000000001,6
12740.0,296,24,296,296.0,4.584962500721156,0.0,344.8,344.8,344.8,24
17086.0,1048,64,366,174.66666666666666,5.904922836729929,2.2600923881761243,1307.9,351.24,217.98333333333335,79
13806.0,53,9,53,53.0,3.169925001442312,0.0,218.13000000000002,218.13000000000002,218.13000000000002,9
18096.0,550,145,260,183.33333333333334,7.018476646439917,1.488615253576787,724.54,327.69,241.51333333333332,184
13587.0,60,4,60,60.0,2.0,0.0,168.0,168.0,168.0,4
12856.0,1010,146,253,168.33333333333334,6.960564126308092,2.495438503865154,1955.53,498.44,325.9216666666667,297
13419.0,275,16,275,275.0,4.0,0.0,221.06,221.06,221.06,16
16900.0,565,70,491,282.5,6.12157810542017,0.31273337639664334,748.95,703.33,374.475,71
13689.0,12,1,12,12.0,0.0,0.0,15.0,15.0,15.0,1
13763.0,72,3,72,72.0,1.584962500721156,0.0,308.40000000000003,308.40000000000003,308.40000000000003,3
13755.0,928,209,210,103.11111111111111,7.559722813403708,2.460386894671915,1619.99,408.65,179.9988888888889,287
16104.0,118,26,118,118.0,4.700439718141092,0.0,239.41,239.41,239.41,26
13259.0,123,75,123,123.0,6.202514925392294,0.0,249.18,249.18,249.18,79
16248.0,78,7,78,78.0,2.8073549220576046,0.0,152.94,152.94,152.94,7
15612.0,51,3,31,25.5,1.5219280948873621,0.9709505944546686,180.15,110.5,90.075,5
15787.0,515,145,271,171.66666666666666,7.077065247896704,1.5657165802013375,752.56,376.8,250.85333333333335,188
16595.0,333,81,333,333.0,6.326846660262595,0.0,341.96,341.96,341.96,83
13260.0,24,4,24,24.0,2.0,0.0,82.32000000000001,82.32000000000001,82.32000000000001,4
15821.0,184,48,97,92.0,5.546593564294941,0.990374836448575,396.86,219.93,198.43,52
18088.0,104,32,104,104.0,4.969815782426809,0.0,132.03,132.03,132.03,34
16685.0,338,52,338,338.0,5.680813428089393,0.0,227.82,227.82,227.82,54
13193.0,45,21,45,45.0,4.334962500721156,0.0,95.13,95.13,95.13,24
13212.0,284,108,199,94.66666666666667,6.703600221272955,1.2278825814636227,519.98,319.71,173.32666666666668,119
14801.0,172,55,172,172.0,5.7716406363433235,0.0,180.84,180.84,180.84,56
16380.0,116,15,116,116.0,3.906890595608518,0.0,142.79,142.79,142.79,15
16921.0,153,49,153,153.0,5.569702316978282,0.0,145.93,145.93,145.93,54
15193.0,81,11,81,81.0,3.459431618637298,0.0,336.95,336.95,336.95,11
14027.0,62,6,62,62.0,2.584962500721156,0.0,104.82,104.82,104.82,6
16179.0,96,10,96,96.0,3.321928094887362,0.0,177.58,177.58,177.58,10
17425.0,367,40,367,367.0,5.3219280948873635,0.0,655.97,655.97,655.97,40
18169.0,57,8,57,57.0,3.0,0.0,151.65,151.65,151.65,8
18126.0,134,51,134,134.0,5.6724253419715005,0.0,192.67000000000002,192.67000000000002,192.67000000000002,51
16688.0,686,46,479,171.5,5.444611807678959,1.7152610239249322,1000.88,502.09,250.22,54
16982.0,182,22,182,182.0,4.459431618637295,0.0,384.06,384.06,384.06,22
16776.0,253,60,253,253.0,5.843568731230685,0.0,356.59000000000003,356.59000000000003,356.59000000000003,70
13980.0,102,8,102,102.0,3.0,0.0,116.78,116.78,116.78,8
13352.0,310,21,310,310.0,4.39231742277876,0.0,307.47999999999996,307.47999999999996,307.47999999999996,21
15553.0,444,48,444,444.0,5.55477828314797,0.0,382.63,382.63,382.63,51
15886.0,34,9,34,34.0,3.169925001442312,0.0,104.5,104.5,104.5,9
17203.0,626,90,154,104.33333333333333,6.40101764523325,2.0382391284177483,899.04,213.74,149.84,112
17459.0,423,82,238,211.5,6.277362795064174,0.9117517586347538,551.99,326.67,275.995,104
12772.0,538,45,538,538.0,5.491853096329673,0.0,615.3199999999999,615.3199999999999,615.3199999999999,45
16561.0,242,28,158,121.0,4.773557262275186,0.9967916319816366,494.12,264.96,247.06,30
14121.0,1622,130,655,405.5,6.986425874087833,1.8965328990005235,2355.71,966.88,588.9275,140
17119.0,268,28,240,134.0,4.807354922057602,0.5916727785823275,464.49,404.83,232.245,28
17620.0,56,3,56,56.0,1.584962500721156,0.0,47.44,47.44,47.44,3
12824.0,222,22,222,222.0,4.459431618637295,0.0,316.42,316.42,316.42,22
14710.0,368,119,129,92.0,6.8502168946672235,1.860933729924487,541.63,225.44,135.4075,131
16120.0,310,18,230,103.33333333333333,4.1219280948873624,1.278897902987479,573.1,336.4,191.03333333333333,20
14624.0,162,13,138,81.0,3.7004397181410926,0.39124356362925566,225.85,210.25,112.925,13
16171.0,24,3,24,24.0,1.584962500721156,0.0,73.2,73.2,73.2,3
13690.0,60,6,60,60.0,2.584962500721156,0.0,81.60000000000001,81.60000000000001,81.60000000000001,6
17934.0,148,12,148,148.0,3.584962500721156,0.0,307.68,307.68,307.68,12
14642.0,4,1,4,4.0,0.0,0.0,19.8,19.8,19.8,1
12602.0,160,11,160,160.0,3.459431618637298,0.0,129.22,129.22,129.22,11
17190.0,110,17,110,110.0,4.08746284125034,0.0,228.74,228.74,228.74,17
16753.0,186,32,186,186.0,5.0,0.0,198.92000000000002,198.92000000000002,198.92000000000002,32
17737.0,72,8,57,36.0,2.94770277922009,0.9182958340544896,137.64000000000001,87.39,68.82000000000001,9
13464.0,396,37,396,396.0,5.209453365628954,0.0,606.73,606.73,606.73,37
18277.0,68,8,68,68.0,3.0,0.0,110.38,110.38,110.38,8
12667.0,385,29,385,385.0,4.857980995127571,0.0,410.23,410.23,410.23,29
12498.0,156,20,80,52.0,4.297079327540665,1.3127443531093745,349.70000000000005,211.25000000000003,116.56666666666668,21
14537.0,120,10,120,120.0,3.321928094887362,0.0,355.56,355.56,355.56,10
17279.0,12,5,12,12.0,2.321928094887362,0.0,25.43,25.43,25.43,5
14251.0,1034,32,470,206.8,4.86789805130172,2.049392119750217,1796.8200000000002,851.58,359.364,66
12446.0,327,46,327,327.0,5.5235619560570095,0.0,734.36,734.36,734.36,46
12631.0,222,25,222,222.0,4.643856189774723,0.0,396.0,396.0,396.0,25
14234.0,719,119,354,179.75,6.808370200369373,0.9392038780081108,706.92,340.12,176.73,143
14975.0,23,4,23,23.0,2.0,0.0,38.65,38.65,38.65,4
13853.0,228,17,228,228.0,4.08746284125034,0.0,514.1,514.1,514.1,17
16773.0,49,19,49,49.0,4.186704345910023,0.0,106.89,106.89,106.89,22
16430.0,55,5,55,55.0,2.321928094887362,0.0,200.05,200.05,200.05,5
17181.0,21,18,21,21.0,4.169925001442313,0.0,44.6,44.6,44.6,18
16793.0,144,15,144,144.0,3.906890595608518,0.0,226.84,226.84,226.84,15
18130.0,678,50,285,226.0,5.567099536193326,1.55010828644897,927.51,370.82,309.17,62
17614.0,231,93,231,231.0,6.533312255932943,0.0,346.72,346.72,346.72,94
13858.0,71,9,71,71.0,3.169925001442312,0.0,182.67,182.67,182.67,9
14856.0,593,56,466,197.66666666666666,5.807354922057609,0.8010572384199437,899.09,760.52,299.69666666666666,56
14089.0,83,11,83,83.0,3.459431618637298,0.0,111.05,111.05,111.05,11
15478.0,340,26,174,170.0,4.616874605956221,0.9899927915575188,862.19,437.86,431.095,34
16413.0,147,29,147,147.0,4.840223928941852,0.0,247.25,247.25,247.25,30
13810.0,288,26,164,144.0,4.66449777920046,0.9666186325481028,609.16,446.8,304.58000000000004,28
13006.0,48,2,48,48.0,1.0,0.0,11.52,11.52,11.52,2
17986.0,10,1,10,10.0,0.0,0.0,20.8,20.8,20.8,1
16243.0,99,39,57,49.5,5.259991029008325,0.9262122127346665,227.4,117.35000000000001,113.7,41
16934.0,382,53,350,191.0,5.708632440797382,0.6429383500409614,786.38,669.28,393.19,55
15994.0,135,28,135,135.0,4.789015477886192,0.0,342.37,342.37,342.37,29
16052.0,230,31,230,230.0,4.954196310386877,0.0,303.54,303.54,303.54,31
15113.0,720,56,564,240.0,5.748472318416497,0.6706514056796242,1420.27,1084.87,473.42333333333335,62
12475.0,324,31,324,324.0,4.954196310386877,0.0,561.9399999999999,561.9399999999999,561.9399999999999,31
13685.0,28,26,13,7.0,4.66449777920046,1.713246302457068,20.92,6.3100000000000005,5.23,28
16542.0,46,5,46,46.0,2.321928094887362,0.0,119.62,119.62,119.62,5
18042.0,27,6,27,27.0,2.584962500721156,0.0,93.35,93.35,93.35,6
16563.0,146,12,146,146.0,3.584962500721156,0.0,324.5,324.5,324.5,12
17201.0,85,35,85,85.0,5.129283016944964,0.0,155.07999999999998,155.07999999999998,155.07999999999998,35
17520.0,309,25,309,309.0,4.643856189774723,0.0,441.29,441.29,441.29,25
13923.0,181,18,181,181.0,4.169925001442313,0.0,317.63,317.63,317.63,18
16412.0,63,25,63,63.0,4.548394345536403,0.0,135.99,135.99,135.99,30
17205.0,33,2,33,33.0,1.0,0.0,20.5,20.5,20.5,2
17534.0,103,9,103,103.0,3.169925001442312,0.0,223.36,223.36,223.36,9
15335.0,78,33,78,78.0,5.028639311838574,0.0,161.72,161.72,161.72,34
17206.0,76,7,76,76.0,2.8073549220576046,0.0,204.24,204.24,204.24,7
15066.0,263,31,263,263.0,4.954196310386877,0.0,615.29,615.29,615.29,31
17785.0,66,12,66,66.0,3.584962500721156,0.0,123.44,123.44,123.44,12
16932.0,80,42,80,80.0,5.333238314705631,0.0,133.73000000000002,133.73000000000002,133.73000000000002,46
16363.0,48,4,48,48.0,2.0,0.0,75.36,75.36,75.36,4
14830.0,163,38,163,163.0,5.247927513443589,0.0,180.63,180.63,180.63,38
17244.0,299,24,299,299.0,4.584962500721156,0.0,532.53,532.53,532.53,24
15355.0,34,7,20,17.0,2.7321588913645702,0.9940302114769565,189.3,119.0,94.65,11
15598.0,154,13,154,154.0,3.7004397181410926,0.0,218.68,218.68,218.68,13
15637.0,128,15,128,128.0,3.906890595608518,0.0,223.36,223.36,223.36,15
16848.0,182,14,182,182.0,3.8073549220576055,0.0,281.42,281.42,281.42,14
15678.0,154,11,154,154.0,3.459431618637298,0.0,290.3,290.3,290.3,11
14015.0,166,15,166,166.0,3.906890595608518,0.0,607.62,607.62,607.62,15
13594.0,359,26,359,359.0,4.700439718141092,0.0,396.97,396.97,396.97,26
15327.0,109,7,109,109.0,2.8073549220576046,0.0,125.1,125.1,125.1,7
14861.0,39,4,39,39.0,2.0,0.0,83.37,83.37,83.37,4
14554.0,1137,129,528,284.25,6.8832482350983595,1.4329967979950788,1863.18,871.84,465.7950000000001,180
14179.0,302,124,202,151.0,6.867773786134502,0.8112781244591328,548.67,418.42,274.33500000000004,144
12863.0,48,3,48,48.0,1.584962500721156,0.0,109.2,109.2,109.2,3
15604.0,159,17,159,159.0,4.08746284125034,0.0,216.39,216.39,216.39,17
14381.0,146,56,146,146.0,5.807354922057609,0.0,202.68,202.68,202.68,56
12572.0,390,45,276,195.0,5.45144453799276,0.9755259511264972,647.92,337.34,323.96,49
16123.0,164,14,164,164.0,3.8073549220576055,0.0,254.88,254.88,254.88,14
16851.0,223,16,107,74.33333333333333,3.932138039759377,1.5683164932728872,322.28999999999996,128.37,107.43,19
17148.0,82,9,82,82.0,3.169925001442312,0.0,124.88,124.88,124.88,9
17549.0,36,2,24,18.0,1.0,1.0,16.439999999999998,9.48,8.219999999999999,2
17973.0,124,13,124,124.0,3.7004397181410926,0.0,299.48,299.48,299.48,13
15610.0,66,6,66,66.0,2.584962500721156,0.0,112.46000000000001,112.46000000000001,112.46000000000001,6
15853.0,135,29,135,135.0,4.840223928941852,0.0,110.8,110.8,110.8,30
18019.0,6,4,6,6.0,2.0,0.0,28.5,28.5,28.5,4
14698.0,585,135,212,117.0,6.904678873106186,2.1512003500436254,1049.07,456.84000000000003,209.81400000000002,186
16826.0,151,18,151,151.0,4.169925001442313,0.0,279.45,279.45,279.45,18
17824.0,232,11,232,232.0,3.459431618637298,0.0,235.84,235.84,235.84,11
12522.0,92,9,64,46.0,3.169925001442312,0.9910760598382222,152.72,85.32,76.36,9
15803.0,90,5,90,90.0,2.321928094887362,0.0,154.86,154.86,154.86,5
15006.0,281,117,281,281.0,6.822227441389348,0.0,434.98,434.98,434.98,128
17350.0,650,61,391,162.5,5.90625,1.5143557466791864,952.0,616.85,238.0,64
14799.0,14,5,14,14.0,2.321928094887362,0.0,32.720000000000006,32.720000000000006,32.720000000000006,5
15814.0,729,46,320,182.25,5.463769511166969,1.8788245166936812,994.09,425.6,248.5225,53
16260.0,113,13,113,113.0,3.7004397181410926,0.0,427.45000000000005,427.45000000000005,427.45000000000005,13
14638.0,146,11,146,146.0,3.459431618637298,0.0,269.6,269.6,269.6,11
17354.0,65,4,65,65.0,2.0,0.0,56.690000000000005,56.690000000000005,56.690000000000005,4
13245.0,111,11,111,111.0,3.459431618637298,0.0,259.85,259.85,259.85,11
14923.0,360,37,360,360.0,5.209453365628954,0.0,629.6,629.6,629.6,37
14477.0,40,2,40,40.0,1.0,0.0,83.2,83.2,83.2,2
16177.0,79,10,79,79.0,3.321928094887362,0.0,179.35,179.35,179.35,10
16284.0,436,83,244,218.0,6.300884461440079,0.998797920958114,759.84,392.01,379.91999999999996,98
16846.0,133,10,133,133.0,3.321928094887362,0.0,197.82,197.82,197.82,10
14484.0,162,13,162,162.0,3.7004397181410926,0.0,301.76,301.76,301.76,13
13897.0,200,17,200,200.0,4.08746284125034,0.0,311.16,311.16,311.16,17
14585.0,90,28,90,90.0,4.807354922057602,0.0,148.55,148.55,148.55,28
17125.0,80,27,80,80.0,4.735926350629031,0.0,158.78,158.78,158.78,28
15836.0,19,4,19,19.0,2.0,0.0,49.97,49.97,49.97,4
16313.0,89,12,62,44.5,3.584962500721156,0.9182958340544896,203.57,134.12,101.785,12
13460.0,286,16,197,143.0,3.969815782426811,0.9366673818775626,183.44,107.46000000000001,91.72,17
12403.0,22,2,22,22.0,1.0,0.0,92.9,92.9,92.9,2
14967.0,60,4,60,60.0,2.0,0.0,139.8,139.8,139.8,4
15286.0,55,3,55,55.0,1.584962500721156,0.0,240.55,240.55,240.55,3
17832.0,172,60,172,172.0,5.906890595608517,0.0,148.53,148.53,148.53,60
12646.0,454,33,264,227.0,5.028639311838574,0.9899927915575188,838.16,521.68,419.08,34
16015.0,674,140,270,224.66666666666666,7.014614041751121,1.5355043105821065,552.0,250.04,184.0,174
16311.0,343,32,213,171.5,4.969815782426809,0.9366673818775626,568.89,385.65,284.445,34
15740.0,80,8,80,80.0,3.0,0.0,126.80000000000001,126.80000000000001,126.80000000000001,8
13974.0,249,28,249,249.0,4.807354922057602,0.0,413.59000000000003,413.59000000000003,413.59000000000003,28
15677.0,313,30,313,313.0,4.906890595608519,0.0,580.93,580.93,580.93,30
15000.0,180,73,180,180.0,6.182426338601928,0.0,443.42,443.42,443.42,74
16017.0,99,24,99,99.0,4.481727678869737,0.0,172.03,172.03,172.03,30
13471.0,1508,197,531,377.0,7.52645455292035,1.5046385896461885,2210.64,843.47,552.66,235
13598.0,48,31,48,48.0,4.9375,0.0,113.94,113.94,113.94,32
18005.0,81,48,43,40.5,5.5738935175845965,0.9486131982385807,163.02,81.9,81.51,49
15427.0,869,223,389,289.6666666666667,7.7015171686920585,1.5013215598837895,1254.35,529.92,418.1166666666666,280
15022.0,483,91,227,161.0,6.401841789999571,1.5622398610709092,737.67,307.93,245.89,115
17111.0,133,25,133,133.0,4.643856189774723,0.0,183.39000000000001,183.39000000000001,183.39000000000001,25
17836.0,88,23,88,88.0,4.501629167387824,0.0,110.21000000000001,110.21000000000001,110.21000000000001,24
14629.0,335,111,181,167.5,6.744518891032023,0.9992492479956565,545.11,310.43,272.555,124
15592.0,258,22,258,258.0,4.459431618637295,0.0,314.66,314.66,314.66,22
15277.0,157,11,157,157.0,3.459431618637298,0.0,241.98,241.98,241.98,11
16491.0,404,35,404,404.0,5.129283016944964,0.0,617.84,617.84,617.84,35
14607.0,58,6,44,29.0,2.584962500721156,1.0,248.1,202.79999999999998,124.05,6
15516.0,26,14,17,8.666666666666666,3.8073549220576055,0.7345299214394703,53.93,38.9,17.976666666666667,14
14764.0,60,3,60,60.0,1.584962500721156,0.0,79.8,79.8,79.8,3
15142.0,311,22,311,311.0,4.459431618637295,0.0,430.52,430.52,430.52,22
17344.0,63,30,63,63.0,4.906890595608519,0.0,132.62,132.62,132.62,30
18240.0,66,5,66,66.0,2.321928094887362,0.0,125.58000000000001,125.58000000000001,125.58000000000001,5
17081.0,69,49,47,34.5,5.557354922057608,0.9402859586706309,210.51,131.86,105.25500000000001,56
14474.0,108,14,108,108.0,3.8073549220576055,0.0,240.06,240.06,240.06,14
14139.0,316,21,316,316.0,4.39231742277876,0.0,278.28,278.28,278.28,21
15844.0,132,10,132,132.0,3.321928094887362,0.0,108.83999999999999,108.83999999999999,108.83999999999999,10
13176.0,240,58,240,240.0,5.848744744277091,0.0,337.43,337.43,337.43,59
15345.0,67,13,67,67.0,3.7004397181410926,0.0,224.49,224.49,224.49,13
16708.0,277,24,277,277.0,4.584962500721156,0.0,571.03,571.03,571.03,24
15963.0,294,24,168,147.0,4.5465935642949376,0.961236604722876,434.36,243.64,217.18,26
18045.0,134,39,134,134.0,5.285402218862247,0.0,145.09,145.09,145.09,39
13182.0,201,11,201,201.0,3.459431618637298,0.0,121.18,121.18,121.18,11
15158.0,96,4,96,96.0,2.0,0.0,119.76,119.76,119.76,4
13028.0,664,39,342,332.0,5.240218243074191,0.996485989886783,611.8,343.86,305.9,43
13978.0,117,10,99,58.5,3.2776134368191165,0.4394969869215134,132.53,94.73,66.265,11
16056.0,285,57,285,285.0,5.832890014164737,0.0,485.85,485.85,485.85,57
12812.0,164,15,164,164.0,3.906890595608518,0.0,229.64000000000001,229.64000000000001,229.64000000000001,15
16071.0,177,19,177,177.0,4.247927513443588,0.0,299.29,299.29,299.29,19
14539.0,378,29,325,189.0,4.840223928941852,0.783776947484701,500.32,428.19,250.16,30
14550.0,353,35,203,176.5,5.050340709546386,0.9865446300055645,650.77,342.98,325.385,44
17712.0,209,26,209,209.0,4.700439718141092,0.0,403.21,403.21,403.21,26
14102.0,335,31,134,67.0,4.771598379853423,2.0773238024297207,517.93,188.5,103.58599999999998,44
14598.0,189,49,189,189.0,5.603856189774728,0.0,221.97,221.97,221.97,50
15320.0,85,34,85,85.0,5.087462841250338,0.0,189.03,189.03,189.03,34
16415.0,147,43,147,147.0,5.402964207440784,0.0,181.62,181.62,181.62,45
12448.0,237,19,237,237.0,4.247927513443588,0.0,283.95,283.95,283.95,19
12827.0,197,19,117,65.66666666666667,4.103465189601647,1.3709505944546687,430.15000000000003,217.75,143.38333333333333,25
16345.0,281,31,281,281.0,4.923181998146335,0.0,421.76,421.76,421.76,33
17895.0,90,13,90,90.0,3.7004397181410926,0.0,80.36,80.36,80.36,13
15948.0,531,50,403,265.5,5.577558303599124,0.9238422284571814,931.84,620.84,465.92,59
15659.0,51,4,51,51.0,2.0,0.0,77.85,77.85,77.85,4
18154.0,252,14,152,126.0,3.721611723969903,0.9980008838722996,360.94,207.73999999999998,180.46999999999997,19
12630.0,530,53,274,265.0,5.708632440797383,0.9940302114769565,905.08,512.74,452.54,55
13363.0,621,42,403,310.5,5.3104430577190245,0.9357110512652843,834.89,514.93,417.44499999999994,54
18276.0,136,11,136,136.0,3.459431618637298,0.0,200.96,200.96,200.96,11
17684.0,141,13,141,141.0,3.7004397181410926,0.0,201.01,201.01,201.01,13
17878.0,175,19,175,175.0,4.247927513443588,0.0,244.83,244.83,244.83,19
14752.0,44,3,44,44.0,1.584962500721156,0.0,129.0,129.0,129.0,3
16847.0,76,11,76,76.0,3.459431618637298,0.0,176.94,176.94,176.94,11
14971.0,453,126,235,151.0,6.931938013601656,0.9714430202385069,808.7,458.61,269.56666666666666,137
17545.0,282,111,171,94.0,6.728477441389348,1.3010316475131578,409.94,281.21000000000004,136.64666666666668,128
16026.0,243,30,243,243.0,4.875,0.0,236.09,236.09,236.09,32
16513.0,407,33,318,101.75,4.993429088311722,0.8090910778519507,874.59,554.34,218.6475,35
12430.0,112,9,112,112.0,3.169925001442312,0.0,168.6,168.6,168.6,9
14357.0,146,38,146,146.0,5.234120167580195,0.0,215.17000000000002,215.17000000000002,215.17000000000002,39
16855.0,160,16,80,80.0,4.0,0.9886994082884974,285.8,151.2,142.89999999999998,16
16680.0,90,8,90,90.0,3.0,0.0,149.7,149.7,149.7,8
18035.0,196,34,88,65.33333333333333,5.037401197654115,1.4017717579694209,240.92999999999998,103.56,80.31,38
16648.0,233,18,233,233.0,4.169925001442313,0.0,247.45999999999998,247.45999999999998,247.45999999999998,18
16164.0,395,26,158,131.66666666666666,4.601409765557392,1.5575167455986103,678.54,242.22000000000003,226.18000000000004,32
14218.0,160,12,160,160.0,3.584962500721156,0.0,169.48000000000002,169.48000000000002,169.48000000000002,12
15096.0,119,10,119,119.0,3.321928094887362,0.0,206.89000000000001,206.89000000000001,206.89000000000001,10
18030.0,31,4,17,15.5,1.9219280948873623,0.9709505944546686,35.45,22.75,17.725,5
14416.0,158,12,142,79.0,3.584962500721156,0.6500224216483541,189.5,146.2,94.75,12
17839.0,257,50,257,257.0,5.623516641218019,0.0,318.15,318.15,318.15,52
16601.0,90,25,90,90.0,4.623516641218014,0.0,160.91,160.91,160.91,26
12912.0,302,13,136,75.5,3.6402239289418516,1.562806631693174,735.66,318.06,183.91500000000002,15
13278.0,416,43,416,416.0,5.426264754702098,0.0,459.86,459.86,459.86,43
14582.0,71,5,71,71.0,2.321928094887362,0.0,94.21000000000001,94.21000000000001,94.21000000000001,5
15748.0,49,18,49,49.0,4.142664355548851,0.0,134.41,134.41,134.41,19
16079.0,96,7,74,32.0,2.8073549220576046,1.3787834934861758,98.34,51.0,32.78,7
17590.0,689,150,351,229.66666666666666,7.153133801435871,1.219399901820185,1200.19,636.38,400.06333333333333,181
15054.0,195,103,108,97.5,6.6466406363433075,0.9812872088817246,277.95,144.27,138.97500000000002,112
15385.0,111,10,111,111.0,3.321928094887362,0.0,142.46,142.46,142.46,10
16506.0,42,3,24,21.0,1.584962500721156,0.9182958340544896,90.30000000000001,55.2,45.150000000000006,3
13822.0,448,85,396,224.0,6.3807419852185525,0.2623112196143366,454.8,415.08,227.39999999999998,90
18067.0,182,34,182,182.0,5.072140159802107,0.0,319.03,319.03,319.03,35
16190.0,37,4,37,37.0,2.0,0.0,94.99000000000001,94.99000000000001,94.99000000000001,4
15444.0,742,178,557,371.0,7.418440310571163,0.908022565522731,1253.81,934.46,626.905,201
13607.0,276,86,276,276.0,6.402964207440774,0.0,563.0600000000001,563.0600000000001,563.0600000000001,90
12581.0,159,13,159,159.0,3.7004397181410926,0.0,169.76,169.76,169.76,13
15360.0,223,13,223,223.0,3.7004397181410926,0.0,427.93,427.93,427.93,13
13103.0,70,6,70,70.0,2.584962500721156,0.0,141.94,141.94,141.94,6
15667.0,240,13,240,240.0,3.7004397181410926,0.0,301.32,301.32,301.32,13
15793.0,72,3,48,36.0,1.584962500721156,0.9182958340544896,133.92000000000002,93.36000000000001,66.96000000000001,3
13651.0,30,4,30,30.0,2.0,0.0,63.3,63.3,63.3,4
12552.0,70,9,70,70.0,3.169925001442312,0.0,165.47,165.47,165.47,9
16127.0,323,40,323,323.0,5.3219280948873635,0.0,656.25,656.25,656.25,40
12588.0,43,5,43,43.0,2.321928094887362,0.0,79.65,79.65,79.65,5
15977.0,425,36,304,212.5,5.084097599217249,0.9633355456726842,633.32,462.7,316.65999999999997,49
13697.0,177,12,177,177.0,3.584962500721156,0.0,151.29999999999998,151.29999999999998,151.29999999999998,12
14345.0,50,6,50,50.0,2.584962500721156,0.0,108.97999999999999,108.97999999999999,108.97999999999999,6
17503.0,443,31,238,221.5,4.923181998146335,0.9833761901392237,478.91,270.53000000000003,239.455,33
16830.0,264,23,264,264.0,4.523561956057013,0.0,325.91,325.91,325.91,23
17495.0,222,17,143,111.0,4.001822825622231,0.8865408928220899,432.26,277.29,216.13,23
12491.0,183,23,183,183.0,4.523561956057013,0.0,350.75,350.75,350.75,23
14485.0,68,42,68,68.0,5.368522527728205,0.0,144.35,144.35,144.35,44
13868.0,409,29,409,409.0,4.857980995127571,0.0,428.37,428.37,428.37,29
15423.0,1,1,1,1.0,0.0,0.0,7.5,7.5,7.5,1
17668.0,75,7,52,37.5,2.8073549220576046,0.9852281360342516,145.25,75.0,72.625,7
16971.0,61,29,61,61.0,4.840223928941852,0.0,116.21,116.21,116.21,30
16352.0,300,28,156,150.0,4.807354922057602,1.0,494.44,289.52,247.22,28
16884.0,284,25,203,142.0,4.643856189774723,0.9426831892554922,399.96,296.76,199.98,25
15830.0,395,32,395,395.0,5.0,0.0,431.2,431.2,431.2,32
14216.0,468,36,234,117.0,5.078638720860853,1.6068315827174144,1082.66,393.0,270.66499999999996,44
15275.0,344,32,344,344.0,5.0,0.0,467.34000000000003,467.34000000000003,467.34000000000003,32
16790.0,852,84,313,142.0,6.363373880404611,2.27582369163493,1459.88,622.8100000000001,243.31333333333336,89
15576.0,287,35,287,287.0,5.129283016944964,0.0,576.33,576.33,576.33,35
18105.0,45,17,45,45.0,4.08746284125034,0.0,103.53,103.53,103.53,17
18164.0,176,20,176,176.0,4.321928094887363,0.0,332.45,332.45,332.45,20
14974.0,36,16,36,36.0,4.0,0.0,79.99000000000001,79.99000000000001,79.99000000000001,16
17947.0,136,8,136,136.0,3.0,0.0,136.68,136.68,136.68,8
13318.0,202,11,134,67.33333333333333,3.272905595320056,1.2419460322060458,379.53999999999996,229.66,126.51333333333332,15
18104.0,322,28,322,322.0,4.807354922057602,0.0,424.64,424.64,424.64,28
13271.0,168,74,168,168.0,6.167010496711777,0.0,172.37,172.37,172.37,81
17595.0,218,64,140,109.0,5.93213803975938,0.959149554396894,302.84000000000003,197.89,151.42,76
14528.0,174,14,174,174.0,3.8073549220576055,0.0,234.83999999999997,234.83999999999997,234.83999999999997,14
17432.0,205,42,115,102.5,5.34964891257875,0.9108783787500366,349.36,175.89,174.68,46
16337.0,85,9,85,85.0,3.169925001442312,0.0,133.15,133.15,133.15,9
14098.0,104,21,104,104.0,4.39231742277876,0.0,147.35,147.35,147.35,21
15551.0,165,20,165,165.0,4.321928094887363,0.0,270.87,270.87,270.87,20
16347.0,243,52,145,121.5,5.545721134103941,0.9605187074766162,620.58,329.94,310.28999999999996,73
13721.0,310,25,310,310.0,4.643856189774723,0.0,470.94,470.94,470.94,25
16500.0,122,7,36,24.4,2.5219280948873624,2.2464393446710154,235.86,55.32000000000001,47.172000000000004,10
16322.0,229,27,118,114.5,4.627986806877674,0.8112781244591328,306.85,193.18,153.425,36
17403.0,108,30,108,108.0,4.906890595608519,0.0,238.17000000000002,238.17000000000002,238.17000000000002,30
16914.0,70,22,70,70.0,4.3845171317931,0.0,113.86,113.86,113.86,27
16602.0,268,26,268,268.0,4.700439718141092,0.0,466.5,466.5,466.5,26
12544.0,126,17,126,126.0,4.08746284125034,0.0,267.9,267.9,267.9,17
13914.0,331,26,206,165.5,4.631615665225586,0.9992492479956565,604.83,321.07,302.41499999999996,31
13467.0,558,79,409,279.0,6.254886164091849,0.6321302781219706,860.01,645.41,430.005,88
17221.0,214,57,115,107.0,5.806890595608517,1.0,245.66,132.28,122.83,60
17078.0,292,19,272,146.0,4.247927513443588,0.2974722489192897,262.28,254.48,131.14,19
16671.0,15,1,15,15.0,0.0,0.0,81.75,81.75,81.75,1
13447.0,566,50,231,188.66666666666666,5.6067393540153185,1.5742848431393361,1002.36,442.13,334.12,54
15010.0,179,17,179,179.0,4.08746284125034,0.0,263.19,263.19,263.19,17
18022.0,482,134,482,482.0,6.996818917667652,0.0,542.25,542.25,542.25,157
16318.0,163,18,163,163.0,4.169925001442313,0.0,304.75,304.75,304.75,18
17274.0,45,23,45,45.0,4.501629167387823,0.0,81.25999999999999,81.25999999999999,81.25999999999999,24
15597.0,276,22,276,276.0,4.459431618637295,0.0,315.71999999999997,315.71999999999997,315.71999999999997,22
17233.0,96,22,96,96.0,4.459431618637295,0.0,131.07,131.07,131.07,22
16887.0,153,33,153,153.0,5.028639311838574,0.0,167.58,167.58,167.58,34
13938.0,70,7,70,70.0,2.8073549220576046,0.0,71.66,71.66,71.66,7
14882.0,148,6,92,74.0,2.5219280948873624,1.0,510.20000000000005,341.8,255.10000000000002,10
15017.0,62,19,62,62.0,4.247927513443588,0.0,115.63,115.63,115.63,19
12882.0,140,10,100,70.0,3.321928094887362,0.8812908992306927,995.4,708.0,497.7,10
17387.0,379,62,245,189.5,5.916835459114483,0.7671903206448685,591.82,376.9,295.90999999999997,67
13727.0,156,18,114,78.0,4.142664355548851,0.8997437586982626,285.78000000000003,175.38,142.89,19
13532.0,129,66,129,129.0,6.044394119358462,0.0,210.31,210.31,210.31,66
16445.0,109,60,109,109.0,5.897950452316981,0.0,208.06,208.06,208.06,61
15156.0,579,48,264,193.0,5.5738935175845965,1.47556457135095,762.39,324.81,254.13,49
16372.0,149,78,147,74.5,6.2494602799216175,0.09317131799548933,271.48,267.58,135.73999999999998,84
17608.0,229,54,225,114.5,5.722446216661832,0.1292337748458849,191.99,186.19,95.995,56
12638.0,541,37,541,541.0,5.209453365628954,0.0,498.25,498.25,498.25,37
14174.0,93,25,93,93.0,4.643856189774723,0.0,124.51,124.51,124.51,25
14039.0,44,5,44,44.0,2.321928094887362,0.0,82.6,82.6,82.6,5
13040.0,355,38,188,177.5,5.193706615167214,0.9996098363678071,676.99,373.74,338.495,43
15883.0,219,40,149,109.5,5.26269239083962,0.9656361333706098,348.28,227.22,174.14,46
14664.0,458,75,297,229.0,6.142302814420572,0.9147088431405326,566.59,347.59,283.29499999999996,94
15526.0,10,2,10,10.0,1.0,0.0,9.14,9.14,9.14,2
17831.0,12,2,12,12.0,1.0,0.0,35.400000000000006,35.400000000000006,35.400000000000006,2
15025.0,182,64,182,182.0,5.991598582259227,0.0,342.06,342.06,342.06,65
17761.0,160,11,160,160.0,3.459431618637298,0.0,285.64,285.64,285.64,11
15870.0,331,66,331,331.0,5.9927737861344905,0.0,334.69,334.69,334.69,72
14080.0,48,4,48,48.0,2.0,0.0,45.599999999999994,45.599999999999994,45.599999999999994,4
17623.0,257,31,257,257.0,4.954196310386877,0.0,455.45,455.45,455.45,31
13673.0,107,43,64,53.5,5.343069207771892,0.9852281360342516,297.79,183.32,148.89499999999998,56
14073.0,128,12,128,128.0,3.584962500721156,0.0,139.54,139.54,139.54,12
16070.0,457,32,251,228.5,4.9837880587523955,0.9833761901392237,852.15,686.85,426.07500000000005,33
13066.0,314,43,179,157.0,5.426264754702098,0.9522656254366642,372.75,233.44,186.375,43
14929.0,130,10,130,130.0,3.321928094887362,0.0,172.88,172.88,172.88,10
15330.0,48,2,48,48.0,1.0,0.0,29.759999999999998,29.759999999999998,29.759999999999998,2
13710.0,96,6,96,96.0,2.584962500721156,0.0,94.56,94.56,94.56,6
16732.0,263,24,263,263.0,4.584962500721156,0.0,540.33,540.33,540.33,24
14140.0,760,57,514,380.0,5.786803733023729,0.9690632527820695,898.18,513.24,449.09000000000003,63
17219.0,88,23,88,88.0,4.501629167387823,0.0,105.98,105.98,105.98,24
15957.0,208,38,208,208.0,5.221928094887364,0.0,399.04,399.04,399.04,40
18123.0,282,26,202,141.0,4.651084443403434,0.8497511372532974,374.16,265.96,187.07999999999998,29
17313.0,98,4,98,98.0,2.0,0.0,210.60000000000002,210.60000000000002,210.60000000000002,4
18216.0,189,20,189,189.0,4.321928094887363,0.0,360.85,360.85,360.85,20
17022.0,108,7,108,108.0,2.8073549220576046,0.0,71.0,71.0,71.0,7
15153.0,122,18,122,122.0,4.169925001442313,0.0,251.82,251.82,251.82,18
16759.0,514,32,230,171.33333333333334,4.969815782426809,1.4887089087640857,643.1,341.9,214.36666666666665,34
16751.0,277,19,277,277.0,4.247927513443588,0.0,216.01999999999998,216.01999999999998,216.01999999999998,19
12893.0,90,27,90,90.0,4.696131794257844,0.0,176.55,176.55,176.55,31
14836.0,45,5,31,15.0,2.2516291673878226,1.2516291673878228,102.44999999999999,76.05,34.15,6
17011.0,186,15,186,186.0,3.906890595608518,0.0,270.9,270.9,270.9,15
12532.0,149,14,149,149.0,3.8073549220576055,0.0,297.33000000000004,297.33000000000004,297.33000000000004,14
17038.0,25,19,25,25.0,4.247927513443588,0.0,88.25,88.25,88.25,19
14968.0,126,36,126,126.0,5.1699250014423095,0.0,139.09,139.09,139.09,36
12504.0,48,2,48,48.0,1.0,0.0,60.0,60.0,60.0,2
16516.0,58,6,58,58.0,2.584962500721156,0.0,101.69999999999999,101.69999999999999,101.69999999999999,6
13522.0,44,5,44,44.0,2.321928094887362,0.0,125.80000000000001,125.80000000000001,125.80000000000001,5
15986.0,148,11,148,148.0,3.459431618637298,0.0,126.11999999999999,126.11999999999999,126.11999999999999,11
13992.0,64,5,64,64.0,2.321928094887362,0.0,76.8,76.8,76.8,5
14354.0,114,8,90,57.0,3.0,0.8112781244591328,126.17999999999999,87.78,63.09,8
16986.0,10,1,10,10.0,0.0,0.0,20.8,20.8,20.8,1
16953.0,10,1,10,10.0,0.0,0.0,20.8,20.8,20.8,1
15450.0,372,28,372,372.0,4.807354922057602,0.0,388.94,388.94,388.94,28
17197.0,129,20,129,129.0,4.321928094887363,0.0,463.81,463.81,463.81,20
16025.0,336,27,336,336.0,4.754887502163471,0.0,423.15999999999997,423.15999999999997,423.15999999999997,27
12659.0,32,3,32,32.0,1.584962500721156,0.0,45.6,45.6,45.6,3
17461.0,627,92,305,209.0,6.512035660188262,1.1698817028588164,612.01,324.35,204.00333333333333,94
17791.0,46,10,46,46.0,3.321928094887362,0.0,106.1,106.1,106.1,10
15463.0,70,6,70,70.0,2.584962500721156,0.0,119.3,119.3,119.3,6
17977.0,131,13,131,131.0,3.6644977792004623,0.0,95.29,95.29,95.29,14
12617.0,208,37,208,208.0,5.182838116298145,0.0,333.08,333.08,333.08,39
14863.0,132,11,132,132.0,3.459431618637298,0.0,266.76,266.76,266.76,11
16903.0,243,46,243,243.0,5.4696704873718645,0.0,326.8,326.8,326.8,52
12508.0,271,57,202,135.5,5.763933429485637,0.8112781244591328,397.88,274.8,198.94,68
17502.0,326,23,154,81.5,4.469670487371861,1.6514770737609425,633.36,244.76,158.34,26
12538.0,179,16,179,179.0,4.0,0.0,258.75,258.75,258.75,16
17901.0,18,13,18,18.0,3.7004397181410926,0.0,41.78,41.78,41.78,13
14789.0,80,5,80,80.0,2.321928094887362,0.0,169.2,169.2,169.2,5
18209.0,58,8,58,58.0,3.0,0.0,139.10000000000002,139.10000000000002,139.10000000000002,8
12985.0,703,61,431,351.5,5.90625,0.8960382325345575,1033.52,637.92,516.76,64
15557.0,131,13,131,131.0,3.640223928941851,0.0,276.26,276.26,276.26,15
16433.0,98,16,98,98.0,4.0,0.0,120.66,120.66,120.66,16
15692.0,138,12,138,138.0,3.584962500721156,0.0,191.04,191.04,191.04,12
17052.0,217,70,217,217.0,6.071928094887357,0.0,350.08,350.08,350.08,80
16368.0,211,53,122,105.5,5.644454882778696,0.9544340029249649,421.07,277.58000000000004,210.53500000000003,64
18014.0,64,27,64,64.0,4.735926350629031,0.0,146.32,146.32,146.32,28
13732.0,498,33,498,498.0,5.044394119358456,0.0,491.86,491.86,491.86,33
13091.0,232,15,232,232.0,3.906890595608518,0.0,255.07999999999998,255.07999999999998,255.07999999999998,15
14661.0,29,3,29,29.0,1.584962500721156,0.0,41.05,41.05,41.05,3
13170.0,105,28,105,105.0,4.789015477886192,0.0,101.97,101.97,101.97,29
15654.0,169,13,145,84.5,3.7004397181410926,0.6193821946787638,380.91,312.51,190.45499999999998,13
13146.0,154,16,154,154.0,3.969815782426811,0.0,228.91,228.91,228.91,17
14788.0,367,24,187,183.5,4.521640636343317,1.0,593.82,297.07,296.90999999999997,28
13603.0,160,25,160,160.0,4.643856189774723,0.0,129.44,129.44,129.44,25
14382.0,430,112,430,430.0,6.789015477886178,0.0,448.58,448.58,448.58,116
16720.0,129,21,129,129.0,4.39231742277876,0.0,114.28,114.28,114.28,21
14904.0,819,48,548,409.5,5.5738935175845965,0.8886466698980794,577.12,368.02,288.56,49
14494.0,92,7,92,92.0,2.8073549220576046,0.0,139.56,139.56,139.56,7
14902.0,205,18,205,205.0,4.169925001442313,0.0,281.11,281.11,281.11,18
16936.0,134,54,134,134.0,5.7548875021634665,0.0,246.11,246.11,246.11,54
12938.0,92,8,92,92.0,3.0,0.0,100.22,100.22,100.22,8
15168.0,46,4,46,46.0,2.0,0.0,58.86,58.86,58.86,4
17538.0,86,8,86,86.0,3.0,0.0,92.66,92.66,92.66,8
18082.0,432,55,432,432.0,5.7113293282274835,0.0,562.88,562.88,562.88,63
18117.0,243,60,243,243.0,5.875,0.0,220.67,220.67,220.67,64
15458.0,108,6,108,108.0,2.584962500721156,0.0,142.92,142.92,142.92,6
17566.0,488,107,271,244.0,6.615595874780551,0.9789596360047794,773.87,435.0,386.935,135
16207.0,134,17,134,134.0,4.08746284125034,0.0,310.38,310.38,310.38,17
12762.0,714,57,523,357.0,5.806890595608517,0.9007196798623593,1211.3,822.21,605.65,60
17793.0,75,41,75,75.0,5.333241498888144,0.0,162.37,162.37,162.37,43
14953.0,144,49,144,144.0,5.614709844115208,0.0,202.59,202.59,202.59,49
16504.0,474,75,474,474.0,6.17761435215268,0.0,451.84,451.84,451.84,82
12374.0,331,29,331,331.0,4.857980995127571,0.0,531.73,531.73,531.73,29
16423.0,192,16,192,192.0,4.0,0.0,268.78,268.78,268.78,16
15419.0,94,6,94,94.0,2.584962500721156,0.0,84.74,84.74,84.74,6
17510.0,212,19,212,212.0,4.247927513443588,0.0,282.98,282.98,282.98,19
15758.0,47,9,47,47.0,3.169925001442312,0.0,205.25,205.25,205.25,9
14725.0,339,34,339,339.0,5.058813890331199,0.0,450.83,450.83,450.83,36
14666.0,159,13,159,159.0,3.7004397181410926,0.0,175.35,175.35,175.35,13
14714.0,34,7,34,34.0,2.8073549220576046,0.0,46.9,46.9,46.9,7
17153.0,104,14,104,104.0,3.8073549220576055,0.0,213.78,213.78,213.78,14
12950.0,220,11,116,110.0,3.459431618637298,0.9940302114769565,284.2,186.8,142.10000000000002,11
15720.0,234,118,234,234.0,6.882643049361832,0.0,423.03000000000003,423.03000000000003,423.03000000000003,118
18181.0,129,37,129,129.0,5.195295934496221,0.0,324.40000000000003,324.40000000000003,324.40000000000003,38
15556.0,193,28,193,193.0,4.807354922057602,0.0,201.37,201.37,201.37,28
17357.0,147,36,145,73.5,5.131556065016093,0.17203694935311378,331.04,325.14,165.51999999999998,39
12890.0,219,76,219,219.0,6.240812514720879,0.0,361.63,361.63,361.63,77
13449.0,222,19,222,222.0,4.247927513443588,0.0,291.88,291.88,291.88,19
15269.0,24,1,24,24.0,0.0,0.0,118.80000000000001,118.80000000000001,118.80000000000001,1
14385.0,159,13,66,53.0,3.6644977792004623,1.5774062828523452,202.11,75.35,67.36999999999999,14
15900.0,216,44,216,216.0,5.426929277209555,0.0,337.28,337.28,337.28,47
17680.0,92,10,92,92.0,3.321928094887362,0.0,151.4,151.4,151.4,10
13926.0,99,8,99,99.0,3.0,0.0,150.10000000000002,150.10000000000002,150.10000000000002,8
16204.0,218,45,218,218.0,5.443856189774727,0.0,384.18,384.18,384.18,50
17835.0,222,43,101,74.0,5.329589073804689,1.5831431015277737,279.54,98.24,93.17999999999999,56
15432.0,65,10,65,65.0,3.321928094887362,0.0,171.19,171.19,171.19,10
18006.0,89,18,89,89.0,4.142664355548851,0.0,251.53000000000003,251.53000000000003,251.53000000000003,19
15657.0,24,1,24,24.0,0.0,0.0,30.0,30.0,30.0,1
17237.0,104,17,78,52.0,4.058813890331201,0.9640787648082292,306.74,235.65,153.37,18
17080.0,84,5,84,84.0,2.321928094887362,0.0,125.39999999999999,125.39999999999999,125.39999999999999,5
13160.0,54,3,54,54.0,1.584962500721156,0.0,75.89999999999999,75.89999999999999,75.89999999999999,3
12847.0,557,61,557,557.0,5.840375586218013,0.0,640.24,640.24,640.24,73
17397.0,233,82,140,116.5,6.3509430458047635,0.987292731578585,532.36,334.93,266.18,83
17985.0,137,18,137,137.0,4.169925001442313,0.0,571.35,571.35,571.35,18
14362.0,95,36,95,95.0,5.1699250014423095,0.0,138.75,138.75,138.75,36
13828.0,95,12,95,95.0,3.584962500721156,0.0,168.45,168.45,168.45,12
15435.0,50,25,50,50.0,4.643856189774723,0.0,109.94,109.94,109.94,25
12445.0,60,3,60,60.0,1.584962500721156,0.0,77.4,77.4,77.4,3
14641.0,90,7,90,90.0,2.8073549220576046,0.0,110.46,110.46,110.46,7
12603.0,1,1,1,1.0,0.0,0.0,0.0,0.0,0.0,1
12618.0,93,9,93,93.0,3.169925001442312,0.0,121.41,121.41,121.41,9
12391.0,263,89,263,263.0,6.46963087410744,0.0,406.88,406.88,406.88,90
18034.0,367,95,238,183.5,6.520373284751863,0.9741655523680581,342.84,215.51,171.42,106
17286.0,116,43,116,116.0,5.426264754702098,0.0,142.87,142.87,142.87,43
17904.0,50,27,50,50.0,4.735926350629031,0.0,91.62,91.62,91.62,28
17301.0,136,58,136,136.0,5.85798099512757,0.0,152.84,152.84,152.84,58
14793.0,88,14,88,88.0,3.8073549220576055,0.0,214.14,214.14,214.14,14
17650.0,150,8,150,150.0,3.0,0.0,166.08,166.08,166.08,8
12702.0,52,11,52,52.0,3.459431618637298,0.0,201.0,201.0,201.0,11
14881.0,208,15,208,208.0,3.906890595608518,0.0,221.2,221.2,221.2,15
16784.0,24,3,24,24.0,1.584962500721156,0.0,107.6,107.6,107.6,3
14052.0,83,51,83,83.0,5.6724253419715005,0.0,173.66,173.66,173.66,51
18110.0,63,30,63,63.0,4.8625759375402735,0.0,150.65,150.65,150.65,33
17561.0,107,42,107,107.0,5.379753126795121,0.0,137.5,137.5,137.5,43
15988.0,77,22,77,77.0,4.459431618637295,0.0,112.13,112.13,112.13,22
17523.0,143,23,95,71.5,4.450212064914746,0.8112781244591328,263.43,154.83,131.715,28
14950.0,122,12,122,122.0,3.584962500721156,0.0,243.5,243.5,243.5,12
16666.0,233,32,233,233.0,5.0,0.0,118.98,118.98,118.98,32
14860.0,158,10,158,158.0,3.321928094887362,0.0,147.74,147.74,147.74,10
17636.0,176,20,176,176.0,4.321928094887363,0.0,265.93,265.93,265.93,20
13832.0,25,3,25,25.0,1.584962500721156,0.0,40.949999999999996,40.949999999999996,40.949999999999996,3
13142.0,109,19,109,109.0,4.247927513443588,0.0,215.92,215.92,215.92,19
16366.0,252,16,252,252.0,4.0,0.0,281.90000000000003,281.90000000000003,281.90000000000003,16
14300.0,32,3,32,32.0,1.584962500721156,0.0,43.2,43.2,43.2,3
12658.0,306,29,306,306.0,4.857980995127571,0.0,535.4,535.4,535.4,29
12795.0,47,8,47,47.0,3.0,0.0,144.63,144.63,144.63,8
15567.0,30,3,30,30.0,1.584962500721156,0.0,59.7,59.7,59.7,3
15645.0,218,46,218,218.0,5.5016291673878275,0.0,481.51000000000005,481.51000000000005,481.51000000000005,48
16406.0,116,54,116,116.0,5.720049960644811,0.0,146.4,146.4,146.4,58
15857.0,228,12,228,228.0,3.584962500721156,0.0,174.6,174.6,174.6,12
12984.0,26,4,26,26.0,2.0,0.0,97.5,97.5,97.5,4
17253.0,37,13,37,37.0,3.7004397181410926,0.0,113.01,113.01,113.01,13
13739.0,18,2,18,18.0,1.0,0.0,125.10000000000001,125.10000000000001,125.10000000000001,2
15274.0,499,43,257,249.5,5.393127173448315,0.9986359641585718,681.77,349.19,340.885,46
17010.0,80,10,80,80.0,3.321928094887362,0.0,162.06,162.06,162.06,10
15115.0,147,18,147,147.0,4.169925001442313,0.0,238.81,238.81,238.81,18
15699.0,104,13,104,104.0,3.7004397181410926,0.0,201.0,201.0,201.0,13
13403.0,8,2,8,8.0,1.0,0.0,30.0,30.0,30.0,2
16956.0,107,14,107,107.0,3.8073549220576055,0.0,223.59,223.59,223.59,14
17600.0,105,10,105,105.0,3.321928094887362,0.0,115.68,115.68,115.68,10
15877.0,235,117,171,117.5,6.856890595608535,0.5435644431995964,365.68,231.36,182.84,120
13322.0,117,25,117,117.0,4.643856189774723,0.0,199.48000000000002,199.48000000000002,199.48000000000002,25
17297.0,61,45,61,61.0,5.491853096329673,0.0,91.83,91.83,91.83,45
13986.0,110,10,110,110.0,3.321928094887362,0.0,186.06,186.06,186.06,10
12920.0,89,23,89,89.0,4.523561956057013,0.0,106.89,106.89,106.89,23
18249.0,56,6,56,56.0,2.584962500721156,0.0,81.66,81.66,81.66,6
12586.0,78,10,78,78.0,3.321928094887362,0.0,186.54000000000002,186.54000000000002,186.54000000000002,10
15634.0,97,14,97,97.0,3.8073549220576055,0.0,227.65,227.65,227.65,14
16376.0,500,92,468,250.0,6.4516015067730565,0.5813214987637028,712.1,648.69,356.05,108
16811.0,259,22,177,129.5,4.418295834054489,0.9544340029249649,464.23,256.93,232.115,24
12452.0,173,18,173,173.0,4.169925001442313,0.0,285.67,285.67,285.67,18
14581.0,84,13,84,84.0,3.6644977792004623,0.0,95.67,95.67,95.67,14
14675.0,259,86,259,259.0,6.4029642074407755,0.0,428.01,428.01,428.01,90
17290.0,291,83,171,145.5,6.350989472860218,0.9999046950184837,410.49,270.26,205.245,87
16343.0,170,27,86,85.0,4.5841837197791895,0.9709505944546686,278.83,141.62,139.41500000000002,40
13638.0,91,7,91,91.0,2.8073549220576046,0.0,97.14,97.14,97.14,7
16482.0,202,15,202,202.0,3.906890595608518,0.0,167.34,167.34,167.34,15
12784.0,276,51,276,276.0,5.643776391052356,0.0,455.46999999999997,455.46999999999997,455.46999999999997,54
17458.0,168,50,168,168.0,5.623516641218019,0.0,300.40000000000003,300.40000000000003,300.40000000000003,52
14785.0,36,2,36,36.0,1.0,0.0,39.480000000000004,39.480000000000004,39.480000000000004,2
17254.0,214,98,113,107.0,6.566349462391597,0.998481607797779,235.04,132.91,117.52,109
17767.0,127,20,127,127.0,4.321928094887363,0.0,262.95,262.95,262.95,20
15725.0,217,31,217,217.0,4.954196310386877,0.0,382.25,382.25,382.25,31
17247.0,99,47,99,99.0,5.543295834054494,0.0,205.99,205.99,205.99,48
15428.0,54,5,54,54.0,2.321928094887362,0.0,75.06,75.06,75.06,5
14756.0,368,32,368,368.0,5.0,0.0,577.36,577.36,577.36,32
16856.0,12,2,12,12.0,1.0,0.0,35.400000000000006,35.400000000000006,35.400000000000006,2
14703.0,183,22,183,183.0,4.459431618637295,0.0,318.17,318.17,318.17,22
17385.0,196,41,196,196.0,5.32306798227366,0.0,246.16,246.16,246.16,44
12531.0,44,16,44,44.0,4.0,0.0,95.27,95.27,95.27,16
15872.0,182,98,181,91.0,6.585055102756484,0.07823246525771237,268.2,266.1,134.10000000000002,104
13525.0,24,2,24,24.0,1.0,0.0,90.0,90.0,90.0,2
14966.0,143,34,143,143.0,5.072140159802107,0.0,167.9,167.9,167.9,35
17232.0,202,30,110,101.0,4.843568731230679,0.9994110647387553,417.77,209.73,208.885,35
17468.0,116,5,92,58.0,2.321928094887362,0.7219280948873623,137.0,107.0,68.5,5
13332.0,178,20,178,178.0,4.321928094887363,0.0,338.4,338.4,338.4,20
14946.0,22,3,22,22.0,1.584962500721156,0.0,100.9,100.9,100.9,3
13596.0,376,126,192,188.0,6.9264598676719835,0.5560554487221581,586.91,301.47,293.45500000000004,139
16024.0,277,58,277,277.0,5.8402239289418505,0.0,224.39,224.39,224.39,60
14954.0,107,68,107,107.0,6.079538949531787,0.0,186.2,186.2,186.2,69
17885.0,108,48,108,108.0,5.55477828314797,0.0,139.59,139.59,139.59,51
14093.0,319,93,319,319.0,6.512669027788688,0.0,411.9,411.9,411.9,98
15721.0,287,78,287,287.0,6.259991029008331,0.0,458.90000000000003,458.90000000000003,458.90000000000003,82
17852.0,53,21,38,26.5,4.334962500721156,0.9182958340544896,114.34,69.99,57.17,24
14597.0,216,36,216,216.0,5.142664355548852,0.0,295.74,295.74,295.74,38
13844.0,194,19,194,194.0,4.247927513443588,0.0,345.12,345.12,345.12,19
12660.0,90,11,90,90.0,3.459431618637298,0.0,203.7,203.7,203.7,11
12479.0,343,26,343,343.0,4.700439718141092,0.0,376.45,376.45,376.45,26
15540.0,128,14,128,128.0,3.8073549220576055,0.0,185.22,185.22,185.22,14
17379.0,331,67,331,331.0,6.02544099723619,0.0,342.16,342.16,342.16,73
16800.0,398,125,398,398.0,6.93833351329784,0.0,817.98,817.98,817.98,132
17806.0,556,39,556,556.0,5.285402218862247,0.0,445.11,445.11,445.11,39
17359.0,50,11,50,50.0,3.459431618637298,0.0,56.15,56.15,56.15,11
15621.0,119,9,85,39.666666666666664,3.169925001442312,0.9864267287308424,202.01000000000002,110.55,67.33666666666666,9
13188.0,24,1,24,24.0,0.0,0.0,99.60000000000001,99.60000000000001,99.60000000000001,1
14480.0,141,12,141,141.0,3.584962500721156,0.0,262.55,262.55,262.55,12
13349.0,224,15,224,224.0,3.906890595608518,0.0,197.32,197.32,197.32,15
15619.0,24,1,24,24.0,0.0,0.0,99.60000000000001,99.60000000000001,99.60000000000001,1
15148.0,187,20,187,187.0,4.321928094887363,0.0,301.29,301.29,301.29,20
14601.0,96,6,96,96.0,2.584962500721156,0.0,123.96000000000001,123.96000000000001,123.96000000000001,6
15783.0,64,10,64,64.0,3.321928094887362,0.0,165.62,165.62,165.62,10
17772.0,51,46,47,25.5,5.5235619560570095,0.4262286569981449,125.0,111.2,62.5,46
14126.0,68,9,68,68.0,3.169925001442312,0.0,183.4,183.4,183.4,9
16479.0,97,32,64,48.5,5.0,0.9744894033980523,255.63,201.68,127.815,32
13428.0,147,66,147,147.0,6.03623844418911,0.0,168.38,168.38,168.38,67
15790.0,70,28,70,70.0,4.807354922057602,0.0,143.43,143.43,143.43,28
14349.0,85,30,85,85.0,4.906890595608519,0.0,125.0,125.0,125.0,30
18058.0,24,1,24,24.0,0.0,0.0,6.959999999999999,6.959999999999999,6.959999999999999,1
12953.0,71,10,71,71.0,3.321928094887362,0.0,192.45000000000002,192.45000000000002,192.45000000000002,10
12966.0,74,9,74,74.0,3.169925001442312,0.0,147.68,147.68,147.68,9
15060.0,255,79,121,63.75,6.20504821016452,1.3256911412161214,268.75,134.84,67.1875,113
17911.0,182,36,182,182.0,5.1699250014423095,0.0,294.35,294.35,294.35,36
14804.0,108,9,108,108.0,3.169925001442312,0.0,224.82,224.82,224.82,9
15904.0,81,27,81,81.0,4.754887502163471,0.0,128.23,128.23,128.23,27
16789.0,32,5,32,32.0,2.321928094887362,0.0,80.8,80.8,80.8,5
17942.0,2,1,2,2.0,0.0,0.0,1.9,1.9,1.9,1
12587.0,50,3,50,50.0,1.584962500721156,0.0,104.0,104.0,104.0,3
13560.0,63,32,63,63.0,5.0,0.0,171.42000000000002,171.42000000000002,171.42000000000002,32
15539.0,362,40,362,362.0,5.3219280948873635,0.0,478.46,478.46,478.46,40
13153.0,114,8,114,114.0,3.0,0.0,140.46,140.46,140.46,8
15773.0,119,8,119,119.0,3.0,0.0,128.8,128.8,128.8,8
17936.0,251,64,251,251.0,5.976536951651798,0.0,327.53,327.53,327.53,67
16535.0,302,26,302,302.0,4.700439718141092,0.0,384.63,384.63,384.63,26
16988.0,37,4,37,37.0,2.0,0.0,67.87,67.87,67.87,4
15097.0,166,23,166,166.0,4.523561956057013,0.0,215.08,215.08,215.08,23
18015.0,157,46,157,157.0,5.5235619560570095,0.0,120.03,120.03,120.03,46
16597.0,44,5,44,44.0,2.321928094887362,0.0,44.24,44.24,44.24,5
13790.0,424,37,424,424.0,5.209453365628954,0.0,236.84,236.84,236.84,37
14219.0,76,6,76,76.0,2.584962500721156,0.0,73.44,73.44,73.44,6
12367.0,112,9,112,112.0,3.169925001442312,0.0,138.3,138.3,138.3,9
17383.0,148,49,148,148.0,5.614709844115208,0.0,193.39000000000001,193.39000000000001,193.39000000000001,49
12478.0,225,32,225,225.0,5.0,0.0,479.59000000000003,479.59000000000003,479.59000000000003,32
15992.0,16,2,16,16.0,1.0,0.0,27.04,27.04,27.04,2
15318.0,534,30,534,534.0,4.906890595608519,0.0,284.9,284.9,284.9,30
17914.0,271,65,271,271.0,5.999227547132699,0.0,230.68,230.68,230.68,68
16528.0,130,13,130,130.0,3.7004397181410926,0.0,175.02,175.02,175.02,13
12442.0,181,11,181,181.0,3.459431618637298,0.0,144.06,144.06,144.06,11
16569.0,87,4,87,87.0,2.0,0.0,76.5,76.5,76.5,4
12650.0,250,19,250,250.0,4.247927513443588,0.0,242.44000000000003,242.44000000000003,242.44000000000003,19
14578.0,84,21,84,84.0,4.39231742277876,0.0,111.51,111.51,111.51,21
14087.0,220,60,220,220.0,5.84586698893294,0.0,185.17,185.17,185.17,67
14204.0,70,34,70,70.0,5.047291203466791,0.0,128.16,128.16,128.16,37
15471.0,222,64,222,222.0,5.947070338342637,0.0,356.13,356.13,356.13,70
14520.0,12,1,12,12.0,0.0,0.0,10.2,10.2,10.2,1
13436.0,69,8,69,69.0,3.0,0.0,113.53999999999999,113.53999999999999,113.53999999999999,8
15520.0,194,17,194,194.0,4.08746284125034,0.0,320.7,320.7,320.7,17
13298.0,24,1,24,24.0,0.0,0.0,90.0,90.0,90.0,1
14569.0,29,7,29,29.0,2.725480556997868,0.0,80.09,80.09,80.09,9
12713.0,499,36,499,499.0,5.1699250014423095,0.0,722.85,722.85,722.85,36
